"Date","Type","Check #","Description","Withdrawal (-)","Deposit (+)","RunningBalance"
"01/28/2018","VISA","","DUNKIN #330370 Q35GREENWICH NY #0000001","$10.28","","$2994.30"
"01/28/2018","ATM","","P208144 457 BROADWAY SARATOGA SPRI","$40.99","","$3004.58"
"01/26/2018","TRANSFER","","Funds Transfer to Brokerage -3255","$995.00","","$3045.57"
"01/26/2018","TRANSFER","","Funds Transfer to Brokerage -3255","$200.00","","$4040.57"
"01/24/2018","ACH","","NEW YORK STATE DIR DEP 180110~ Tran: ACH","","$1700.38","$4240.57"
"01/22/2018","VISA","","HOFFMAN CAR WASH NSARATOGA SPRI NY #000","$10.00","","$2540.19"
"01/20/2018","ATM","","Cardtronics CCS .430 RT GLENMONT","$302.50","","$2550.19"
"01/20/2018","VISA","","MCDONALD'S F10251 SARATOGA SPRI NY #000","$13.89","","$2852.69"
"01/19/2018","VISA","","UNDER ARMOUR LKG 1444 S LAKE GEORGE","$23.69","","$2866.58"
"01/19/2018","ATM","","STATE EMPLOYEES 110 STA ALBANY","$63.00","","$2890.27"
"01/18/2018","VISA","","EXXONMOBIL    9736MENANDS NY #000000190","$3.23","","$2953.27"
"01/17/2018","VISA","","SQ *STAGECOACH COFAlbany NY #0000001900","$4.70","","$2956.50"
"01/17/2018","ACH","","NORTHWESTERN MU ISA PAYMNT 180116","$17.76","","$2961.20"
"01/10/2018","ACH","","NEW YORK STATE DIR DEP 171227~ Tran: ACH","","$1700.36","$2978.96"
"01/08/2018","VISA","","PERFECT BLEND CAFEDELMAR NY #0000001900","$21.75","","$1278.60"
"01/03/2018","ACH","","CHASE CREDIT CRD EPAY 180102","$825.00","","$1300.35"
"01/03/2018","ACH","","JPMorgan Chase Ext Trnsfr 180103~ Tran: ","$293.80","","$2125.35"
"01/02/2018","TRANSFER","","Transfer to High Yield Checking -6758","$1435.00","","$2419.15"
"01/02/2018","DEPOSIT","","Deposit Mobile Banking","","$58.24","$3854.15"