Transactions  for Checking account Ryans Checking XXXXXX-783051 as of 01/28/2018 23:02:00 ET
"Date","Type","Check #","Description","Withdrawal (-)","Deposit (+)","RunningBalance"
"Posted Transactions"
"01/28/2018","VISA","","DUNKIN #330370 Q35GREENWICH NY #0000001","$10.28","","$2994.30"
"01/28/2018","ATM","","P208144 457 BROADWAY SARATOGA SPRI","$40.99","","$3004.58"
"01/26/2018","TRANSFER","","Funds Transfer to Brokerage -3255","$995.00","","$3045.57"
"01/26/2018","TRANSFER","","Funds Transfer to Brokerage -3255","$200.00","","$4040.57"
"01/24/2018","ACH","","NEW YORK STATE DIR DEP 180110~ Tran: ACH","","$1700.38","$4240.57"
"01/22/2018","VISA","","HOFFMAN CAR WASH NSARATOGA SPRI NY #000","$10.00","","$2540.19"
"01/20/2018","ATM","","Cardtronics CCS .430 RT GLENMONT","$302.50","","$2550.19"
"01/20/2018","VISA","","MCDONALD'S F10251 SARATOGA SPRI NY #000","$13.89","","$2852.69"
"01/19/2018","VISA","","UNDER ARMOUR LKG 1444 S LAKE GEORGE","$23.69","","$2866.58"
"01/19/2018","ATM","","STATE EMPLOYEES 110 STA ALBANY","$63.00","","$2890.27"
"01/18/2018","VISA","","EXXONMOBIL    9736MENANDS NY #000000190","$3.23","","$2953.27"
"01/17/2018","VISA","","SQ *STAGECOACH COFAlbany NY #0000001900","$4.70","","$2956.50"
"01/17/2018","ACH","","NORTHWESTERN MU ISA PAYMNT 180116","$17.76","","$2961.20"
"01/10/2018","ACH","","NEW YORK STATE DIR DEP 171227~ Tran: ACH","","$1700.36","$2978.96"
"01/08/2018","VISA","","PERFECT BLEND CAFEDELMAR NY #0000001900","$21.75","","$1278.60"
"01/03/2018","ACH","","CHASE CREDIT CRD EPAY 180102","$825.00","","$1300.35"
"01/03/2018","ACH","","JPMorgan Chase Ext Trnsfr 180103~ Tran: ","$293.80","","$2125.35"
"01/02/2018","TRANSFER","","Transfer to High Yield Checking -6758","$1435.00","","$2419.15"
"01/02/2018","DEPOSIT","","Deposit Mobile Banking","","$58.24","$3854.15"
"12/29/2017","INTADJUST","","Interest Paid","","$0.37","$3795.91"
"12/29/2017","ATMREBATE","","ATM Fee Rebate","","$2.50","$3795.54"
"12/29/2017","VISA","","MCDONALD'S F987   SARATOGA SPRI NY #000","$9.93","","$3793.04"
"12/29/2017","VISA","","SQ *STAGECOACH COFAlbany NY #0000001900","$4.70","","$3802.97"
"12/28/2017","VISA","","RITE AID STORE - 0ALBANY NY #0000001900","$22.99","","$3807.67"
"12/28/2017","VISA","","SQ *STAGECOACH COFAlbany NY #0000001900","$4.70","","$3830.66"
"12/27/2017","ACH","","NEW YORK STATE DIR DEP 171213~ Tran: ACH","","$1698.84","$3835.36"
"12/26/2017","TRANSFER","","Funds Transfer to Brokerage -3255","$995.00","","$2136.52"
"12/26/2017","TRANSFER","","Funds Transfer to Brokerage -3255","$200.00","","$3131.52"
"12/21/2017","ATM","","Cardtronics CCS .430 RT GLENMONT","$302.50","","$3331.52"
"12/19/2017","VISA","","H05 - SARATOGA    SARATOGA SPGS NY #000","$10.00","","$3634.02"
"12/19/2017","VISA","","SQ *STAGECOACH COFAlbany NY #0000001900","$4.70","","$3644.02"
"12/19/2017","ACH","","NGRID36 NGRID36WEB 121917~ Tran: ACHDW","$115.40","","$3648.72"
"12/18/2017","ACH","","NORTHWESTERN MU ISA PAYMNT 171215","$17.76","","$3764.12"
"12/17/2017","VISA","","STEWARTS SHOP 150 GREENWICH NY #0000001","$3.52","","$3781.88"
"12/16/2017","VISA","","SQ *STAGECOACH COFAlbany NY #0000001900","$4.70","","$3785.40"
"12/13/2017","ACH","","NEW YORK STATE DIR DEP 171129~ Tran: ACH","","$1700.44","$3790.10"
"12/12/2017","VISA","","CHIPOTLE 1278     SARATOGA SPRI NY #000","$10.54","","$2089.66"
"12/12/2017","VISA","","SARATOGA PRIMAL YOSARATOGA SPRI NY #000","$9.64","","$2100.20"
"12/11/2017","VISA","","DUNKIN #330370 Q35GREENWICH NY #0000001","$12.55","","$2109.84"
"12/08/2017","DEPOSIT","","Deposit Mobile Banking","","$4.72","$2122.39"
"12/06/2017","VISA","","SQ *STAGECOACH COFAlbany NY #0000001900","$4.70","","$2117.67"
"12/06/2017","DEPOSIT","","Deposit Mobile Banking","","$100.00","$2122.37"
"12/05/2017","ACH","","JPMorgan Chase Ext Trnsfr 171205~ Tran: ","$293.80","","$2022.37"
"12/04/2017","ACH","","CHASE CREDIT CRD EPAY 171201","$1203.00","","$2316.17"
"12/01/2017","TRANSFER","","Transfer to High Yield Checking -6758","$85.00","","$3519.17"
"11/30/2017","INTADJUST","","Interest Paid","","$0.38","$3604.17"
"11/30/2017","ATMREBATE","","ATM Fee Rebate","","$8.50","$3603.79"
"11/29/2017","ACH","","NEW YORK STATE DIR DEP 171115~ Tran: ACH","","$1700.42","$3595.29"
"11/28/2017","VISA","","OLDE SARATOGA HOMESARATOGA SPRI NY #000","$21.38","","$1894.87"
"11/28/2017","ATM","","STATE EMPLOYEES 110 STA ALBANY","$63.00","","$1916.25"
"11/27/2017","VISA","","DUTTON BERRY FARM-MANCHESTER VT #000000","$26.37","","$1979.25"
"11/27/2017","VISA","","DUTTON BERRY FARM-MANCHESTER VT #000000","$42.80","","$2005.62"
"11/27/2017","VISA","","STEWARTS SHOP 197 MANCHESTER CE VT #000","$3.38","","$2048.42"
"11/27/2017","TRANSFER","","Funds Transfer to Brokerage -3255","$200.00","","$2051.80"
"11/27/2017","TRANSFER","","Funds Transfer to Brokerage -3255","$995.00","","$2251.80"
"11/20/2017","ACH","","NGRID36 NGRID36WEB 112017~ Tran: ACHDW","$109.31","","$3246.80"
"11/18/2017","DEPOSIT","","Deposit Mobile Banking","","$58.24","$3356.11"
"11/17/2017","ATM","","STATE EMPLOYEES 110 STA ALBANY","$63.00","","$3297.87"
"11/16/2017","ACH","","NORTHWESTERN MU ISA PAYMNT 171115","$17.76","","$3360.87"
"11/15/2017","VISA","","SQ *STAGECOACH COFAlbany NY #0000001900","$4.70","","$3378.63"
"11/15/2017","ATM","","STATE EMPLOYEES 110 STA ALBANY","$322.50","","$3383.33"
"11/15/2017","ACH","","NEW YORK STATE DIR DEP 171101~ Tran: ACH","","$1700.43","$3705.83"
"11/10/2017","VISA","","SQ *STAGECOACH COFAlbany NY #0000001900","$4.70","","$2005.40"
"11/10/2017","VISA","","SUBWAY        0015ALBANY NY #0000001900","$6.75","","$2010.10"
"11/09/2017","ACH","","CHASE CREDIT CRD EPAY 171108","$358.00","","$2016.85"
"11/08/2017","TRANSFER","","Transfer to High Yield Checking -6758","$1000.00","","$2374.85"
"11/08/2017","TRANSFER","","Transfer to High Yield Checking -6758","$500.00","","$3374.85"
"11/08/2017","VISA","","SQ *STAGECOACH COFAlbany NY #0000001900","$4.70","","$3874.85"
"11/06/2017","ACH","","TVG NETWORK INC TVGACH 171103","$50.00","","$3879.55"
"11/04/2017","VISA","","SUBWAY        0015ALBANY NY #0000001900","$4.86","","$3929.55"
"11/03/2017","ACH","","JPMorgan Chase Ext Trnsfr 171103~ Tran: ","$293.80","","$3934.41"
"11/02/2017","VISA","","SQ *STAGECOACH COFAlbany NY #0000001900","$4.70","","$4228.21"
"11/01/2017","ACH","","NEW YORK STATE DIR DEP 171018~ Tran: ACH","","$1700.51","$4232.91"
"10/31/2017","INTADJUST","","Interest Paid","","$0.47","$2532.40"
"10/31/2017","ATMREBATE","","ATM Fee Rebate","","$11.50","$2531.93"
"10/28/2017","VISA","","MCDONALDS  F20682 ALBANY NY #0000001900","$2.16","","$2520.43"
"10/26/2017","TRANSFER","","Funds Transfer to Brokerage -3255","$995.00","","$2522.59"
"10/26/2017","TRANSFER","","Funds Transfer to Brokerage -3255","$200.00","","$3517.59"
"10/25/2017","ACH","","CHASE CREDIT CRD EPAY 171024","$1014.00","","$3717.59"
"10/24/2017","VISA","","SARATOGA PRIMAL YOSARATOGA SPRI NY #000","$9.67","","$4731.59"
"10/24/2017","VISA","","LOWES #00560*     SARATOGA SPRI NY #000","$4.26","","$4741.26"
"10/23/2017","VISA","","HANNAFORD #8391 95 WEIB SARATOGA SPGS","$9.60","","$4745.52"
"10/23/2017","VISA","","WM SUPERCENTER # Wal-Ma WILTON","$17.09","","$4755.12"
"10/23/2017","VISA","","LOWES #00560*     SARATOGA SPRI NY #000","$54.02","","$4772.21"
"10/23/2017","VISA","","LOWES #00560*     SARATOGA SPRI NY #000","","$48.83","$4826.23"
"10/22/2017","VISA","","LOWES #00560*     SARATOGA SPRI NY #000","$68.05","","$4777.40"
"10/20/2017","VISA","","MALTA MED EMERGENT518-6934699 NY #00000","$30.00","","$4845.45"
"10/20/2017","VISA","","SUBWAY        0015ALBANY NY #0000001900","$6.75","","$4875.45"
"10/18/2017","ACH","","NGRID36 NGRID36WEB 101817~ Tran: ACHDW","$111.31","","$4882.20"
"10/18/2017","ACH","","NEW YORK STATE DIR DEP 171004~ Tran: ACH","","$1651.51","$4993.51"
"10/17/2017","ACH","","NORTHWESTERN MU ISA PAYMNT 171016","$17.76","","$3342.00"
"10/14/2017","ATM","","Cardtronics CCS .430 RT GLENMONT","$302.50","","$3359.76"
"10/12/2017","ATM","","STATE EMPLOYEES 110 STA ALBANY","$62.50","","$3662.26"
"10/11/2017","VISA","","MCDONALDS  F20682 ALBANY NY #0000001900","$6.79","","$3724.76"
"10/11/2017","VISA","","SQ *STAGECOACH COFAlbany NY #0000001900","$4.70","","$3731.55"
"10/10/2017","VISA","","THE BREAD BASKET BSARATOGA SPRI NY #000","$21.11","","$3736.25"
"10/09/2017","VISA","","THE FAIRWAYS OF HAMECHANICVILLE NY #000","$17.00","","$3757.36"
"10/08/2017","VISA","","SQ *SARATOGA GELATSARATOGA SPRI NY #000","$5.50","","$3774.36"
"10/04/2017","VISA","","THE BREAD BASKET BSARATOGA SPRI NY #000","$9.63","","$3779.86"
"10/04/2017","VISA","","SQ *STAGECOACH COFAlbany NY #0000001900","$4.70","","$3789.49"
"10/04/2017","VISA","","SARATOGA SPRINGS FSARATOGA SPRI NY #000","$31.60","","$3794.19"
"10/04/2017","ACH","","NEW YORK STATE DIR DEP 170920~ Tran: ACH","","$1651.50","$3825.79"
"10/03/2017","TRANSFER","","Transfer to High Yield Checking -6758","$80.00","","$2174.29"
"10/03/2017","ATM","","EMPIRE STATE PL 112 GRA ALBANY","$64.00","","$2254.29"
"10/03/2017","ACH","","JPMorgan Chase Ext Trnsfr 171003~ Tran: ","$293.80","","$2318.29"
"10/02/2017","VISA","","CJS RESTAURANT    NEW BRITAIN CT #00000","$36.10","","$2612.09"
"09/30/2017","VISA","","BENSONS PET       CLIFTON PARK NY #0000","$59.52","","$2648.19"
"09/30/2017","ATM","","STEWARTS #412 2931 ROUT VALATIE","$102.50","","$2707.71"
"09/29/2017","INTADJUST","","Interest Paid","","$0.35","$2810.21"
"09/29/2017","ATMREBATE","","ATM Fee Rebate","","$2.50","$2809.86"
"09/27/2017","VISA","","ALBANY PARKING AUT518-4348886 NY #00000","$85.00","","$2807.36"
"09/26/2017","TRANSFER","","Funds Transfer to Brokerage -3255","$200.00","","$2892.36"
"09/26/2017","TRANSFER","","Funds Transfer to Brokerage -3255","$995.00","","$3092.36"
"09/25/2017","DEPOSIT","","Deposit Mobile Banking","","$72.85","$4087.36"
"09/20/2017","ACH","","NGRID36 NGRID36WEB 092017~ Tran: ACHDW","$135.76","","$4014.51"
"09/20/2017","ACH","","NEW YORK STATE DIR DEP 170906~ Tran: ACH","","$1651.52","$4150.27"
"09/18/2017","VISA","","EQUINOX VALLEY NURMANCHESTER VT #000000","$23.50","","$2498.75"
"09/18/2017","ACH","","NORTHWESTERN MU ISA PAYMNT 170915","$17.76","","$2522.25"
"09/15/2017","TRANSFER","","Transfer to High Yield Checking -6758","$50.00","","$2540.01"
"09/08/2017","ATM","","Cardtronics CCS .430 RT GLENMONT","$302.50","","$2590.01"
"09/06/2017","TRANSFER","","Transfer to High Yield Checking -6758","$1143.00","","$2892.51"
"09/06/2017","ACH","","JPMorgan Chase Ext Trnsfr 170906~ Tran: ","$293.80","","$4035.51"
"09/06/2017","ACH","","NEW YORK STATE DIR DEP 170823~ Tran: ACH","","$1651.51","$4329.31"
"09/05/2017","ACH","","TVG NETWORK INC TVGACH 170904","$50.00","","$2677.80"
"09/01/2017","TRANSFER","","Transfer from High Yield Checking -6758","","$598.00","$2727.80"
"09/01/2017","TRANSFER","","Funds Transfer to Brokerage -0219","$6.29","","$2129.80"
"09/01/2017","TRANSFER","","Transfer to High Yield Checking -6758","$43.78","","$2136.09"
"08/31/2017","INTADJUST","","Interest Paid","","$0.33","$2179.87"
"08/31/2017","ATMREBATE","","ATM Fee Rebate","","$12.00","$2179.54"
"08/30/2017","TRANSFER","","Transfer to High Yield Checking -6758","$737.00","","$2167.54"
"08/29/2017","ACH","","TVG NETWORK INC TVGACH 170828","","$200.00","$2904.54"
"08/28/2017","ACH","","TVG NETWORK INC TVGACH 170826","$100.00","","$2704.54"
"08/28/2017","TRANSFER","","Funds Transfer to Brokerage -3255","$995.00","","$2804.54"
"08/26/2017","ATM","","P349884 108 AVENUE OF T SARATOGA SPRI","$64.50","","$3799.54"
"08/23/2017","ACH","","NEW YORK STATE DIR DEP 170809~ Tran: ACH","","$1651.51","$3864.04"
"08/21/2017","ACH","","NGRID36 NGRID36WEB 082117~ Tran: ACHDW","$149.76","","$2212.53"
"08/18/2017","ATM","","Cardtronics CCS .430 RT GLENMONT","$302.50","","$2362.29"
"08/18/2017","ACH","","TVG NETWORK INC TVGACH 170817","$20.00","","$2664.79"
"08/17/2017","ACH","","PLANET FIT CLUB FEES  518-886-8828~ Tran","$10.00","","$2684.79"
"08/17/2017","ACH","","PLANET FIT CLUB FEES  518-886-8828~ Tran","$10.00","","$2694.79"
"08/16/2017","ACH","","NORTHWESTERN MU ISA PAYMNT 170815","$17.76","","$2704.79"
"08/15/2017","ATM","","STEWARTS #444 445 NORTH WILTON","$102.50","","$2722.55"
"08/11/2017","ACH","","CHASE CREDIT CRD EPAY 170810~ Tran: ACHD","$270.00","","$2825.05"
"08/10/2017","VISA","","SUBWAY        0015ALBANY NY #0000001900","$4.86","","$3095.05"
"08/09/2017","ATM","","STATE EMPLOYEES 110 STA ALBANY","$62.50","","$3099.91"
"08/09/2017","ACH","","NEW YORK STATE DIR DEP 170726~ Tran: ACH","","$1651.51","$3162.41"
"08/08/2017","ACH","","NYRA WEBPAYMENT 170807","$50.00","","$1510.90"
"08/08/2017","ACH","","TVG NETWORK INC TVGACH 170807","$50.00","","$1560.90"
"08/07/2017","VISA","","UNIONSQUARSPORTSANNEW YORK NY #00000019","$14.41","","$1610.90"
"08/03/2017","ACH","","JPMorgan Chase Ext Trnsfr 170803~ Tran: ","$293.80","","$1625.31"
"08/02/2017","ACH","","CHASE CREDIT CRD EPAY 170801~ Tran: ACHD","$781.00","","$1919.11"
"08/01/2017","VISA","","COLEMAN FACTORY OULAKE GEORGE NY #00000","$21.56","","$2700.11"
"07/31/2017","INTADJUST","","Interest Paid","","$0.28","$2721.67"
"07/31/2017","ATMREBATE","","ATM Fee Rebate","","$9.00","$2721.39"
"07/31/2017","VISA","","SHELL OIL 54410080BURLINGTON VT #000000","$5.87","","$2712.39"
"07/27/2017","ATM","","STATE EMPLOYEES 110 STA ALBANY","$102.50","","$2718.26"
"07/26/2017","TRANSFER","","Funds Transfer to Brokerage -3255","$995.00","","$2820.76"
"07/26/2017","ACH","","CHASE CREDIT CRD EPAY 170725~ Tran: ACHD","$75.00","","$3815.76"
"07/26/2017","ACH","","NEW YORK STATE DIR DEP 170712~ Tran: ACH","","$1651.51","$3890.76"
"07/24/2017","ACH","","TVG NETWORK INC TVGACH 170722","$50.00","","$2239.25"
"07/21/2017","ATM","","STATE EMPLOYEES 110 STA ALBANY","$22.50","","$2289.25"
"07/21/2017","ACH","","NGRID36 NGRID36WEB 072117~ Tran: ACHDW","$132.92","","$2311.75"
"07/19/2017","VISA","","Great Tangs       SARATOGA SPRI NY #000","$30.98","","$2444.67"
"07/19/2017","VISA","","SQ *STAGECOACH COFAlbany NY #0000001900","$4.70","","$2475.65"
"07/18/2017","VISA","","SARATOGA SPA GOLF SARATOGA SPRI NY #000","$35.01","","$2480.35"
"07/18/2017","ACH","","NORTHWESTERN MU ISA PAYMNT 170717","$17.76","","$2515.36"
"07/17/2017","VISA","","SARATOGA SPA GOLF SARATOGA SPRI NY #000","$41.01","","$2533.12"
"07/17/2017","ACH","","PLANET FIT CLUB FEES  518-886-8828~ Tran","$10.00","","$2574.13"
"07/17/2017","ACH","","PLANET FIT CLUB FEES  518-886-8828~ Tran","$10.00","","$2584.13"
"07/16/2017","VISA","","SUBWAY        0015ALBANY NY #0000001900","$9.61","","$2594.13"
"07/15/2017","VISA","","SQ *STAGECOACH COFAlbany NY #0000001900","$4.70","","$2603.74"
"07/14/2017","VISA","","MCDONALDS  F20682 ALBANY NY #0000001900","$8.31","","$2608.44"
"07/14/2017","VISA","","MILL ROAD ACRES GOLATHAM NY #0000001900","$35.99","","$2616.75"
"07/14/2017","VISA","","SAKE              LATHAM NY #0000001900","$27.00","","$2652.74"
"07/14/2017","VISA","","SQ *STAGECOACH COFAlbany NY #0000001900","$4.70","","$2679.74"
"07/14/2017","ACH","","CHASE CREDIT CRD EPAY 170713~ Tran: ACHD","$224.00","","$2684.44"
"07/13/2017","VISA","","OTIS AND OLIVERS RLATHAM NY #0000001900","$22.50","","$2908.44"
"07/13/2017","VISA","","STEWARTS SHOP 382 LATHAM NY #0000001900","$2.89","","$2930.94"
"07/13/2017","VISA","","SQ *STAGECOACH COFAlbany NY #0000001900","$4.70","","$2933.83"
"07/12/2017","VISA","","BOMBERS BURRITO ESALBANY NY #0000001900","$10.52","","$2938.53"
"07/12/2017","ACH","","NEW YORK STATE DIR DEP 170628~ Tran: ACH","","$1651.50","$2949.05"
"07/11/2017","VISA","","MULLIGANS OF STRATS LONDONDERRY VT #000","$49.24","","$1297.55"
"07/10/2017","VISA","","DUNKIN #340518 Q35SARATOGA SPGS NY #000","$14.75","","$1346.79"
"07/08/2017","VISA","","SARATOGA SPA GOLF SARATOGA SPRI","$10.00","","$1361.54"
"07/08/2017","VISA","","SQ *STAGECOACH COFAlbany NY #0000001900","$4.70","","$1371.54"
"07/06/2017","ATM","","P75757 1250 ROUTE 9W & SELKIRK","$201.50","","$1376.24"
"07/06/2017","ATM","","P75757 1250 ROUTE 9W & SELKIRK (Reversal","-$201.50","","$1577.74"
"07/06/2017","ATM","","P75757 1250 ROUTE 9W & SELKIRK","$201.50","","$1376.24"
"07/06/2017","VISA","","MCDONALDS  F20682 ALBANY NY #0000001900","$8.85","","$1577.74"
"07/06/2017","VISA","","PRICE CHOPPER #158SARATOGA SPRI NY #000","$4.49","","$1586.59"
"07/05/2017","VISA","","SQ *SARATOGA TOBACSARATOGA SPRI NY #000","$12.08","","$1591.08"
"07/05/2017","VISA","","STEWARTS SHOP 130 SARATOGA SPRI NY #000","$2.86","","$1603.16"
"07/05/2017","ACH","","JPMorgan Chase Ext Trnsfr 170705~ Tran: ","$293.80","","$1606.02"
"07/02/2017","VISA","","DUNKIN #340518 Q35SARATOGA SPGS NY #000","$16.67","","$1899.82"
"07/01/2017","ATM","","STEWARTS #125 3746 MAIN WARRENSBURG","$102.50","","$1916.49"
"06/30/2017","INTADJUST","","Interest Paid","","$0.20","$2018.99"
"06/30/2017","ATMREBATE","","ATM Fee Rebate","","$8.00","$2018.79"
"06/30/2017","VISA","","SQ *STAGECOACH COFAlbany NY #0000001900","$4.70","","$2010.79"
"06/30/2017","ACH","","CHASE CREDIT CRD EPAY 170629","$856.00","","$2015.49"
"06/28/2017","ACH","","NEW YORK STATE DIR DEP 170614~ Tran: ACH","","$1651.52","$2871.49"
"06/27/2017","VISA","","FAMILY VISION CARESARATOGA SPRI NY #000","$20.00","","$1219.97"
"06/26/2017","TRANSFER","","Funds Transfer to Brokerage -3255","$995.00","","$1239.97"
"06/24/2017","VISA","","SQ *STAGECOACH COFAlbany NY #0000001900","$5.70","","$2234.97"
"06/22/2017","ATM","","PIONEER BANK 90 STATE S ALBANY","$203.00","","$2240.67"
"06/21/2017","ACH","","NGRID36 NGRID36WEB 062117~ Tran: ACHDW","$129.23","","$2443.67"
"06/19/2017","ACH","","PLANET FIT CLUB FEES  518-886-8828~ Tran","$10.00","","$2572.90"
"06/19/2017","ACH","","PLANET FIT CLUB FEES  518-886-8828~ Tran","$10.00","","$2582.90"
"06/17/2017","ATM","","Over Rock Cafe 1527 Sta Wells","$102.50","","$2592.90"
"06/16/2017","ACH","","NORTHWESTERN MU ISA PAYMNT 170615","$17.76","","$2695.40"
"06/14/2017","ACH","","NEW YORK STATE DIR DEP 170531~ Tran: ACH","","$1651.51","$2713.16"
"06/13/2017","VISA","","CHIPOTLE 1278     SARATOGA SPRI NY #000","$10.54","","$1061.65"
"06/13/2017","VISA","","SARATOGA PRIMAL YOSARATOGA SPRI NY #000","$11.80","","$1072.19"
"06/11/2017","VISA","","PRICE CHOPPER #158SARATOGA SPRI NY #000","$32.94","","$1083.99"
"06/10/2017","VISA","","SQ *STAGECOACH COFAlbany NY #0000001900","$4.70","","$1116.93"
"06/09/2017","ATM","","STATE EMPLOYEES 110 STA ALBANY","$102.50","","$1121.63"
"06/06/2017","VISA","","JIM'S PLACE       ALBANY NY #0000001900","$7.00","","$1224.13"
"06/05/2017","ACH","","JPMorgan Chase Ext Trnsfr 170605~ Tran: ","$293.80","","$1231.13"
"06/03/2017","VISA","","SUNNYSIDE GARDENS SARATOGA SPRI NY #000","$74.77","","$1524.93"
"05/31/2017","INTADJUST","","Interest Paid","","$0.34","$1599.70"
"05/31/2017","ATMREBATE","","ATM Fee Rebate","","$10.75","$1599.36"
"05/31/2017","TRANSFER","","Transfer to High Yield Checking -6758","$1352.00","","$1588.61"
"05/31/2017","ACH","","NEW YORK STATE DIR DEP 170517~ Tran: ACH","","$1651.50","$2940.61"
"05/29/2017","VISA","","GULF OIL 91803279 WARRENSBURG NY #00000","$4.26","","$1289.11"
"05/27/2017","VISA","","PRICE CHOPPER #158SARATOGA SPRI NY #000","$24.83","","$1293.37"
"05/26/2017","VISA","","Wal-Mart Super Center 2 WILTON","$96.38","","$1318.20"
"05/26/2017","VISA","","DICK'S SPORTING GOLATHAM NY #0000001900","$184.45","","$1414.58"
"05/26/2017","TRANSFER","","Funds Transfer to Brokerage -3255","$995.00","","$1599.03"
"05/25/2017","VISA","","Great Tangs       SARATOGA SPRI NY #000","$28.62","","$2594.03"
"05/24/2017","VISA","","SQ *STAGECOACH COFAlbany NY #0000001900","$7.00","","$2622.65"
"05/23/2017","ATM","","Cardtronics CCS 416 RTE GLENMONT","$303.00","","$2629.65"
"05/23/2017","VISA","","SARATOGA PRIMAL YOSARATOGA SPRI NY #000","$10.97","","$2932.65"
"05/23/2017","VISA","","SQ *STAGECOACH COFAlbany NY #0000001900","$4.70","","$2943.62"
"05/23/2017","ATM","","P218365 51 SOUTH PEARL ALBANY","$62.75","","$2948.32"
"05/23/2017","TRANSFER","","Funds Transfer to Brokerage -7945","$350.00","","$3011.07"
"05/23/2017","TRANSFER","","Transfer to High Yield Checking -6758","$1225.00","","$3361.07"
"05/22/2017","ACH","","NGRID36 NGRID36WEB 052217~ Tran: ACHDW","$128.95","","$4586.07"
"05/19/2017","VISA","","ORCHARD CREEK GOLFALTAMONT NY #00000019","$50.00","","$4715.02"
"05/17/2017","VISA","","SQ *STAGECOACH COFAlbany NY #0000001900","$4.70","","$4765.02"
"05/17/2017","VISA","","CVS/PHARMACY #01 01895- ALBANY","$5.93","","$4769.72"
"05/17/2017","ACH","","PLANET FIT CLUB FEES  518-886-8828~ Tran","$10.00","","$4775.65"
"05/17/2017","ACH","","PLANET FIT CLUB FEES  518-886-8828~ Tran","$10.00","","$4785.65"
"05/17/2017","ACH","","NEW YORK STATE DIR DEP 170503~ Tran: ACH","","$1651.52","$4795.65"
"05/16/2017","ACH","","NORTHWESTERN MU ISA PAYMNT 170515","$17.76","","$3144.13"
"05/13/2017","VISA","","RTE FORE GOLF CENTTROY NY #000000190064","$6.00","","$3161.89"
"05/11/2017","VISA","","SQ *STAGECOACH COFAlbany NY #0000001900","$4.70","","$3167.89"
"05/10/2017","VISA","","RITE AID STORE - 0ALBANY NY #0000001900","$4.93","","$3172.59"
"05/06/2017","ATM","","STEWARTS #208 3-11 MAPL SARATOGA SPRI","$82.50","","$3177.52"
"05/06/2017","VISA","","DICK'S SPORTING GOLATHAM NY #0000001900","$15.69","","$3260.02"
"05/05/2017","ATM","","STATE EMPLOYEES 110 STA ALBANY","$22.50","","$3275.71"
"05/03/2017","ACH","","JPMorgan Chase Ext Trnsfr 170503~ Tran: ","$293.80","","$3298.21"
"05/03/2017","ACH","","NEW YORK STATE DIR DEP 170419~ Tran: ACH","","$1675.36","$3592.01"
"04/29/2017","VISA","","SQ *STAGECOACH COFAlbany NY #0000001900","$4.70","","$1916.65"
"04/28/2017","INTADJUST","","Interest Paid","","$0.20","$1921.35"
"04/28/2017","ATMREBATE","","ATM Fee Rebate","","$11.50","$1921.15"
"04/28/2017","ATM","","STATE EMPLOYEES 110 STA ALBANY","$62.50","","$1909.65"
"04/26/2017","TRANSFER","","Funds Transfer to Brokerage -3255","$995.00","","$1972.15"
"04/25/2017","VISA","","H05 - SARATOGA HOFSARATOGA SPGS NY #000","$10.00","","$2967.15"
"04/25/2017","VISA","","SARATOGA PRIMAL YOSARATOGA SPRI NY #000","$12.19","","$2977.15"
"04/24/2017","VISA","","THE FRESH MARKET I SARATOGA SPRI","$20.65","","$2989.34"
"04/22/2017","VISA","","SQ *STAGECOACH COFAlbany NY #0000001900","$4.70","","$3009.99"
"04/21/2017","VISA","","DUNKIN #335816 Q35MENANDS NY #000000190","$8.51","","$3014.69"
"04/21/2017","VISA","","SQ *STAGECOACH COFAlbany NY #0000001900","$4.70","","$3023.20"
"04/20/2017","VISA","","SQ *STAGECOACH COFAlbany NY #0000001900","$4.70","","$3027.90"
"04/19/2017","ACH","","NGRID36 NGRID36WEB 041917~ Tran: ACHDW","$129.90","","$3032.60"
"04/19/2017","ACH","","NEW YORK STATE DIR DEP 170405~ Tran: ACH","","$1646.43","$3162.50"
"04/18/2017","ACH","","NORTHWESTERN MU ISA PAYMNT 170417","$17.76","","$1516.07"
"04/18/2017","ACH","","NYS DTF PIT Tax Paymnt ","$18.00","","$1533.83"
"04/17/2017","ACH","","PLANET FIT CLUB FEES  518-886-8828~ Tran","$10.00","","$1551.83"
"04/17/2017","ACH","","PLANET FIT CLUB FEES  518-886-8828~ Tran","$10.00","","$1561.83"
"04/16/2017","ATM","","SARATOGA 115 BALLSTON A SARATOGA SPGS","$64.00","","$1571.83"
"04/13/2017","VISA","","SQ *STAGECOACH COFAlbany NY #0000001900","$4.70","","$1635.83"
"04/12/2017","ATM","","STATE EMPLOYEES 110 STA ALBANY","$62.50","","$1640.53"
"04/11/2017","ATM","","STATE EMPLOYEES 110 STA ALBANY","$202.50","","$1703.03"
"04/10/2017","VISA","","AUGIE'S TO-GO     SARATOGA SPRI NY #000","$9.63","","$1905.53"
"04/08/2017","VISA","","SQ *STAGECOACH COFAlbany NY #0000001900","$4.70","","$1915.16"
"04/07/2017","VISA","","SQ *STAGECOACH COFAlbany NY #0000001900","$4.70","","$1919.86"
"04/05/2017","TRANSFER","","Funds Transfer to Brokerage -7945","$350.00","","$1924.56"
"04/05/2017","TRANSFER","","Transfer to High Yield Checking -6758","$625.00","","$2274.56"
"04/05/2017","ACH","","NEW YORK STATE DIR DEP 170322~ Tran: ACH","","$1646.43","$2899.56"
"04/04/2017","ACH","","JPMorgan Chase Ext Trnsfr 170404~ Tran: ","$293.80","","$1253.13"
"03/31/2017","INTADJUST","","Interest Paid","","$0.21","$1546.93"
"03/31/2017","ATMREBATE","","ATM Fee Rebate","","$15.50","$1546.72"
"03/30/2017","VISA","","MCDONALDS  F20682 ALBANY NY #0000001900","$6.90","","$1531.22"
"03/29/2017","VISA","","SARATOGA SPRINGS FSARATOGA SPRI NY #000","$106.00","","$1538.12"
"03/28/2017","VISA","","AUGIE'S TO-GO     SARATOGA SPRI NY #000","$23.49","","$1644.12"
"03/27/2017","TRANSFER","","Funds Transfer to Brokerage -3255","$995.00","","$1667.61"
"03/23/2017","TRANSFER","","Transfer to High Yield Checking -6758","$700.00","","$2662.61"
"03/23/2017","TRANSFER","","Transfer to High Yield Checking -6758","$610.00","","$3362.61"
"03/23/2017","TRANSFER","","Funds Transfer to Brokerage -7945","$350.00","","$3972.61"
"03/22/2017","ACH","","NGRID36 NGRID36WEB 032217~ Tran: ACHDW","$146.02","","$4322.61"
"03/22/2017","ACH","","NEW YORK STATE DIR DEP 170308~ Tran: ACH","","$2336.45","$4468.63"
"03/19/2017","VISA","","SARATOGA PRIMAL YOSARATOGA SPRI NY #000","$97.04","","$2132.18"
"03/18/2017","VISA","","SUBWAY        0015ALBANY NY #0000001900","$4.86","","$2229.22"
"03/17/2017","ACH","","PLANET FIT CLUB FEES  518-886-8828~ Tran","$10.00","","$2234.08"
"03/17/2017","ACH","","PLANET FIT CLUB FEES  518-886-8828~ Tran","$10.00","","$2244.08"
"03/16/2017","ATM","","PIONEER BANK 90 STATE S ALBANY","$403.00","","$2254.08"
"03/16/2017","ACH","","NORTHWESTERN MU ISA PAYMNT 170315","$17.76","","$2657.08"
"03/12/2017","VISA","","DUNKIN #304359    ALBANY NY #0000001900","$3.46","","$2674.84"
"03/11/2017","ATM","","P333207 1 RUSH STREET SCHENECTADY","$405.00","","$2678.30"
"03/11/2017","ATM","","P333207 1 RUSH STREET SCHENECTADY","$405.00","","$3083.30"
"03/09/2017","VISA","","STARBUCKS STORE 07ALBANY NY #0000001900","$5.02","","$3488.30"
"03/09/2017","VISA","","SUBWAY        0015ALBANY NY #0000001900","$4.86","","$3493.32"
"03/08/2017","ACH","","NEW YORK STATE DIR DEP 170222~ Tran: ACH","","$1678.89","$3498.18"
"03/07/2017","ATM","","Cardtronics CCS .430 RT GLENMONT","$302.50","","$1819.29"
"03/03/2017","ACH","","JPMorgan Chase Ext Trnsfr 170303~ Tran: ","$293.80","","$2121.79"
"02/28/2017","INTADJUST","","Interest Paid","","$0.24","$2415.59"
"02/28/2017","ATMREBATE","","ATM Fee Rebate","","$9.75","$2415.35"
"02/27/2017","TRANSFER","","Funds Transfer to Brokerage -3255","$995.00","","$2405.60"
"02/26/2017","VISA","","AKIRA             GLENMONT NY #00000019","$52.65","","$3400.60"
"02/24/2017","VISA","","PP*FIN YOUR FISHMOALTAMONT NY #00000019","$190.06","","$3453.25"
"02/24/2017","VISA","","SQ *NINE PIN CIDERChatham NY #000000190","$18.50","","$3643.31"
"02/24/2017","VISA","","SQ *NINE PIN CIDERChatham NY #000000190","$15.60","","$3661.81"
"02/24/2017","VISA","","SQ *NINE PIN CIDERChatham NY #000000190","$18.00","","$3677.41"
"02/23/2017","VISA","","GULF OIL 91804228 GLENMONT NY #00000019","$3.29","","$3695.41"
"02/23/2017","VISA","","SQ *STAGECOACH COFAlbany NY #0000001900","$4.70","","$3698.70"
"02/22/2017","ATM","","STATE EMPLOYEES 110 STA ALBANY","$402.50","","$3703.40"
"02/22/2017","VISA","","AKIRA             GLENMONT NY #00000019","$45.63","","$4105.90"
"02/22/2017","ATM","","STATE EMPLOYEES 110 STA ALBANY","$402.50","","$4151.53"
"02/22/2017","ACH","","NGRID36 NGRID36WEB 022217~ Tran: ACHDW","$164.05","","$4554.03"
"02/22/2017","ACH","","NEW YORK STATE DIR DEP 170208~ Tran: ACH","","$1664.84","$4718.08"
"02/21/2017","VISA","","GULF OIL 91804228 GLENMONT NY #00000019","$6.18","","$3053.24"
"02/21/2017","VISA","","PALACE THEATRE CONALBANY NY #0000001900","$16.10","","$3059.42"
"02/19/2017","VISA","","CUMBERLAND FARMS 3205 4 GLENMONT","$10.21","","$3075.52"
"02/18/2017","VISA","","SQ *STAGECOACH COFAlbany NY #0000001900","$4.70","","$3085.73"
"02/17/2017","VISA","","SQ *STAGECOACH COFAlbany NY #0000001900","$4.70","","$3090.43"
"02/17/2017","ACH","","PLANET FIT CLUB FEES  518-886-8828~ Tran","$10.00","","$3095.13"
"02/17/2017","ACH","","PLANET FIT CLUB FEES  518-886-8828~ Tran","$10.00","","$3105.13"
"02/16/2017","VISA","","SQ *STAGECOACH COFAlbany NY #0000001900","$4.70","","$3115.13"
"02/16/2017","ACH","","NORTHWESTERN MU ISA PAYMNT 170215","$17.76","","$3119.83"
"02/14/2017","VISA","","THE FRESH MARKET I SARATOGA SPRI","$26.74","","$3137.59"
"02/12/2017","ATM","","PRICE CHOPPER # RTE 11 MANCHESTER","$202.25","","$3164.33"
"02/08/2017","ACH","","NEW YORK STATE DIR DEP 170125~ Tran: ACH","","$1664.85","$3366.58"
"02/07/2017","TRANSFER","","Transfer to High Yield Checking -6758","$50.00","","$1701.73"
"02/07/2017","TRANSFER","","Transfer to High Yield Checking -6758","$866.00","","$1751.73"
"02/07/2017","TRANSFER","","Funds Transfer to Brokerage -0219","$240.00","","$2617.73"
"02/03/2017","ACH","","JPMorgan Chase Ext Trnsfr 170203~ Tran: ","$293.80","","$2857.73"
"02/02/2017","VISA","","SQ *STAGECOACH COFAlbany NY #0000001900","$4.70","","$3151.53"
"02/01/2017","VISA","","SQ *STAGECOACH COFAlbany NY #0000001900","$4.70","","$3156.23"
"02/01/2017","ATM","","STATE EMPLOYEES 110 STA ALBANY","$62.50","","$3160.93"
"01/31/2017","INTADJUST","","Interest Paid","","$0.28","$3223.43"
"01/31/2017","ATMREBATE","","ATM Fee Rebate","","$8.74","$3223.15"
"01/30/2017","ACH","","TVG NETWORK INC TVGACH 170128","$50.00","","$3214.41"
"01/30/2017","ACH","","TVG NETWORK INC TVGACH 170128","$50.00","","$3264.41"
"01/30/2017","ACH","","AMERICATAB AMERICATAB ","$50.00","","$3314.41"
"01/26/2017","TRANSFER","","Funds Transfer to Brokerage -3255","$995.00","","$3364.41"
"01/25/2017","ACH","","NEW YORK STATE DIR DEP 170111~ Tran: ACH","","$1664.85","$4359.41"
"01/24/2017","VISA","","BENSONS PET CENTERSARATOGA SPGS NY #000","$61.13","","$2694.56"
"01/21/2017","VISA","","SPEEDWAY 07858    CLIFTON PARK NY #0000","$26.00","","$2755.69"
"01/19/2017","TRANSFER","","Transfer to High Yield Checking -6758","$616.00","","$2781.69"
"01/19/2017","TRANSFER","","Funds Transfer to Brokerage -0219","$240.00","","$3397.69"
"01/18/2017","ACH","","NORTHWESTERN MU ISA PAYMNT 170117","$16.96","","$3637.69"
"01/18/2017","ACH","","NGRID36 NGRID36WEB 011817~ Tran: ACHDW","$142.88","","$3654.65"
"01/17/2017","ATM","","STATE EMPLOYEES 110 STA ALBANY","$62.50","","$3797.53"
"01/17/2017","ACH","","PLANET FIT CLUB FEES  518-886-8828~ Tran","$10.00","","$3860.03"
"01/17/2017","ACH","","PLANET FIT CLUB FEES  518-886-8828~ Tran","$10.00","","$3870.03"
"01/16/2017","VISA","","THIRSTY OWL WINE CSARATOGA SPRI NY #000","$23.43","","$3880.03"
"01/16/2017","VISA","","PRICE CHOPPER #158SARATOGA SPRI NY #000","$75.32","","$3903.46"
"01/16/2017","VISA","","PRICE CHOPPER #158SARATOGA SPRI NY #000","$8.99","","$3978.78"
"01/14/2017","VISA","","GULF OIL 92047900 BALLSTON LAKE NY #000","$25.00","","$3987.77"
"01/11/2017","ACH","","NEW YORK STATE DIR DEP 161228~ Tran: ACH","","$1664.85","$4012.77"
"01/10/2017","VISA","","HOFFMAN CAR WASH SSARATOGA SPGS NY #000","$10.00","","$2347.92"
"01/10/2017","VISA","","JIFFY LUBE #2804  SARATOGA SPGS NY #000","$21.00","","$2357.92"
"01/08/2017","ATM","","P208144 457 BROADWAY SARATOGA SPRI","$80.99","","$2378.92"
"01/07/2017","VISA","","THIRSTY OWL WINE CSARATOGA SPRI NY #000","$11.72","","$2459.91"
"01/07/2017","VISA","","SQ *STAGECOACH COFAlbany NY #0000001900","$4.70","","$2471.63"
"01/06/2017","VISA","","SUNOCO 0275942100 BALSTON LAKE NY #0000","$23.32","","$2476.33"
"01/06/2017","VISA","","SQ *STAGECOACH COFAlbany NY #0000001900","$4.70","","$2499.65"
"01/06/2017","VISA","","PIZZA HUT 616     SARATOGA SPRI NY #000","$22.73","","$2504.35"
"01/04/2017","VISA","","SQ *STAGECOACH COFAlbany NY #0000001900","$4.70","","$2527.08"
"01/04/2017","ACH","","JPMorgan Chase Ext Trnsfr 170104~ Tran: ","$293.80","","$2531.78"
"01/03/2017","VISA","","HIGH FALLS GORGE  WILMINGTON NY #000000","$30.24","","$2825.58"
"01/01/2017","VISA","","DUNKIN #300452    SARATOGA SPGS NY #000","$13.85","","$2855.82"
"01/01/2017","ATM","","P289261 144 STATE ST ALBANY","$203.00","","$2869.67"
"12/31/2016","ATM","","Cardtronics CCS .430 RT GLENMONT","$402.25","","$3072.67"
"12/31/2016","VISA","","STEWARTS SHOP 303 KEENE NY #00000019007","$25.00","","$3474.92"
"12/30/2016","INTADJUST","","Interest Paid","","$0.17","$3499.92"
"12/30/2016","ATMREBATE","","ATM Fee Rebate","","$0.99","$3499.75"
"12/29/2016","VISA","","EXXONMOBIL    9714PERU NY #000000190000","$25.25","","$3498.76"
"12/28/2016","ACH","","NEW YORK STATE DIR DEP 161214~ Tran: ACH","","$1663.90","$3524.01"
"12/27/2016","VISA","","GANDER MOUNTAIN   PLATTSBURGH NY #00000","$2.83","","$1860.11"
"12/27/2016","VISA","","JCPENNEY 2313     PLATTSBURGH NY #00000","$30.17","","$1862.94"
"12/27/2016","TRANSFER","","Funds Transfer to Brokerage -3255","$995.00","","$1893.11"
"12/26/2016","VISA","","DUNKIN #340518    SARATOGA SPGS NY #000","$5.32","","$2888.11"
"12/25/2016","VISA","","STEWARTS SHOP 101 SARATOGA SPRI NY #000","$20.00","","$2893.43"
"12/24/2016","VISA","","USPS PO 3500600207ALBANY NY #0000001900","$28.20","","$2913.43"
"12/24/2016","ATM","","P208144 457 BROADWAY SARATOGA SPRI","$100.99","","$2941.63"
"12/23/2016","VISA","","EDDY'S BEVERAGE ISARATOGA SPRI NY #000","$37.72","","$3042.62"
"12/22/2016","VISA","","SQ *STAGECOACH COFALBANY NY #0000001900","$4.70","","$3080.34"
"12/21/2016","VISA","","SQ *STAGECOACH COFALBANY NY #0000001900","$4.70","","$3085.04"
"12/21/2016","VISA","","SPEEDWAY 07858    CLIFTON PARK NY #0000","$23.00","","$3089.74"
"12/21/2016","VISA","","GOOGLE *HBO Dig Sv855-492-5538 CA #0000","$14.99","","$3112.74"
"12/20/2016","VISA","","MEXICAN CONNECTIONSARATOGA SPRI NY #000","$35.30","","$3127.73"
"12/19/2016","ACH","","PLANET FIT CLUB FEES  518-886-8828~ Tran","$10.00","","$3163.03"
"12/19/2016","ACH","","PLANET FIT CLUB FEES  518-886-8828~ Tran","$10.00","","$3173.03"
"12/19/2016","ACH","","NGRID36 NGRID36WEB 121916~ Tran: ACHDW","$109.43","","$3183.03"
"12/16/2016","ACH","","NORTHWESTERN MU ISA PAYMNT 161215","$16.96","","$3292.46"
"12/15/2016","VISA","","HOFFMAN CAR WASH SSARATOGA SPGS NY #000","$10.00","","$3309.42"
"12/15/2016","VISA","","LOWES #00560*     SARATOGA SPRI NY #000","$14.21","","$3319.42"
"12/14/2016","VISA","","TARGET T-1271 3031 Rout Saratoga Spri","$4.28","","$3333.63"
"12/14/2016","VISA","","TARGET T-1271 3031 Rout Saratoga Spri","$0.20","","$3337.91"
"12/14/2016","ACH","","NEW YORK STATE DIR DEP 161130~ Tran: ACH","","$1663.92","$3338.11"
"12/10/2016","VISA","","EXXONMOBIL    9735BALLSTON SPA NY #0000","$25.00","","$1674.19"
"12/09/2016","VISA","","SQ *STAGECOACH COFALBANY NY #0000001900","$4.70","","$1699.19"
"12/08/2016","VISA","","DUNKIN #300452    SARATOGA SPGS NY #000","$3.08","","$1703.89"
"12/07/2016","VISA","","RITE AID STORE - 1SARATOGA SPRI NY #000","$23.99","","$1706.97"
"12/05/2016","ACH","","JPMorgan Chase Ext Trnsfr 161205~ Tran: ","$293.80","","$1730.96"
"12/04/2016","VISA","","CUMBERLAND FARMS 3169 4 BALLSTON SPA","$26.62","","$2024.76"
"12/02/2016","ACH","","CITI CARD ONLINE PAYMENT 161201","$25.94","","$2051.38"
"11/30/2016","INTADJUST","","Interest Paid","","$0.11","$2077.32"
"11/30/2016","ATMREBATE","","ATM Fee Rebate","","$5.50","$2077.21"
"11/30/2016","ACH","","NEW YORK STATE DIR DEP 161116~ Tran: ACH","","$1663.90","$2071.71"
"11/28/2016","VISA","","VENMO             855-812-4430 NY #0000","$38.00","","$407.81"
"11/28/2016","VISA","","PRICE CHOPPER #158SARATOGA SPRI NY #000","$17.18","","$445.81"
"11/28/2016","TRANSFER","","Funds Transfer to Brokerage -3255","$995.00","","$462.99"
"11/25/2016","ATM","","STEWART'S #130 210 S. B SARATOGA","$302.50","","$1457.99"
"11/25/2016","VISA","","SUBWAY        0015ALBANY NY #0000001900","$3.78","","$1760.49"
"11/24/2016","VISA","","SUNOCO 0275942100 BALSTON LAKE NY #0000","$16.52","","$1764.27"
"11/24/2016","VISA","","PRICE CHOPPER #158SARATOGA SPRI NY #000","$67.22","","$1780.79"
"11/24/2016","VISA","","SQ *STAGECOACH COFAlbany NY #0000001900","$4.70","","$1848.01"
"11/23/2016","TRANSFER","","Transfer to High Yield Checking -6758","$245.00","","$1852.71"
"11/23/2016","TRANSFER","","Transfer to High Yield Checking -6758","$1370.00","","$2097.71"
"11/21/2016","VISA","","GOOGLE *HBO Dig Sv855-492-5538 CA #0000","$14.99","","$3467.71"
"11/21/2016","ACH","","NGRID36 NGRID36WEB 112116~ Tran: ACHDW","$103.04","","$3482.70"
"11/18/2016","VISA","","EXXONMOBIL    9736MENANDS NY #000000190","$26.00","","$3585.74"
"11/17/2016","VISA","","PRICE CHOPPER #158SARATOGA SPRI NY #000","$15.81","","$3611.74"
"11/17/2016","ACH","","PLANET FIT CLUB FEES  518-886-8828~ Tran","$10.00","","$3627.55"
"11/17/2016","ACH","","PLANET FIT CLUB FEES  518-886-8828~ Tran","$10.00","","$3637.55"
"11/16/2016","VISA","","SQ *STAGECOACH COFAlbany NY #0000001900","$4.70","","$3647.55"
"11/16/2016","ATM","","NATIONAL UNION 39 N. PE ALBANY","$103.00","","$3652.25"
"11/16/2016","ACH","","NORTHWESTERN MU ISA PAYMNT 161115","$16.96","","$3755.25"
"11/16/2016","ACH","","NEW YORK STATE DIR DEP 161102~ Tran: ACH","","$1663.91","$3772.21"
"11/12/2016","VISA","","SUBWAY        0015ALBANY NY #0000001900","$4.86","","$2108.30"
"11/10/2016","VISA","","GULF OIL 92047900 BALLSTON LAKE NY #000","$25.01","","$2113.16"
"11/10/2016","VISA","","SQ *STAGECOACH COFAlbany NY #0000001900","$2.05","","$2138.17"
"11/10/2016","VISA","","SQ *STAGECOACH COFAlbany NY #0000001900","$4.70","","$2140.22"
"11/09/2016","VISA","","SQ *STAGECOACH COFAlbany NY #0000001900","$4.70","","$2144.92"
"11/04/2016","VISA","","MCDONALDS  F20682 ALBANY NY #0000001900","$9.27","","$2149.62"
"11/04/2016","VISA","","EXXONMOBIL    9736MENANDS NY #000000190","$25.00","","$2158.89"
"11/03/2016","ACH","","JPMorgan Chase Ext Trnsfr 161103~ Tran: ","$293.80","","$2183.89"
"11/02/2016","VISA","","TACO BELL #26360  SARATOGA SPRI NY #000","$6.41","","$2477.69"
"11/02/2016","ACH","","NEW YORK STATE DIR DEP 161019~ Tran: ACH","","$1663.99","$2484.10"
"11/01/2016","VISA","","LOWES #00560*     SARATOGA SPRI NY #000","$5.33","","$820.11"
"10/31/2016","INTADJUST","","Interest Paid","","$0.15","$825.44"
"10/31/2016","ATMREBATE","","ATM Fee Rebate","","$18.24","$825.29"
"10/31/2016","TRANSFER","","Transfer to High Yield Checking -6758","$400.00","","$807.05"
"10/31/2016","TRANSFER","","Transfer to High Yield Checking -6758","$970.00","","$1207.05"
"10/29/2016","VISA","","MARTINS 6107      MARTINSBURG WV #00000","$10.94","","$2177.05"
"10/28/2016","VISA","","STEWARTS SHOP 205 BALLSTON SPA NY #0000","$15.51","","$2187.99"
"10/28/2016","VISA","","SUBWAY        0015ALBANY NY #0000001900","$3.78","","$2203.50"
"10/27/2016","ATM","","STATE EMPLOYEES 110 STA ALBANY","$102.50","","$2207.28"
"10/26/2016","VISA","","PRICE CHOPPER #158SARATOGA SPRI NY #000","$27.74","","$2309.78"
"10/26/2016","TRANSFER","","Funds Transfer to Brokerage -3255","$995.00","","$2337.52"
"10/26/2016","TRANSFER","","Transfer to High Yield Checking -6758","$795.00","","$3332.52"
"10/25/2016","VISA","","SARATOGA PRIMAL YOSARATOGA SPRI NY #000","$64.80","","$4127.52"
"10/24/2016","ACH","","NGRID36 NGRID36WEB 102416~ Tran: ACHDW","$132.55","","$4192.32"
"10/21/2016","VISA","","GOOGLE *HBO Dig Svg.co/payhelp# CA #000","$14.99","","$4324.87"
"10/21/2016","VISA","","DUNKIN #300452    SARATOGA SPGS NY #000","$2.56","","$4339.86"
"10/20/2016","VISA","","BOMBERS BURRITOS BALBANY NY #0000001900","$10.52","","$4342.42"
"10/19/2016","VISA","","SQ *STAGECOACH COFAlbany NY #0000001900","$4.70","","$4352.94"
"10/19/2016","ACH","","NEW YORK STATE DIR DEP 161005~ Tran: ACH","","$1616.88","$4357.64"
"10/18/2016","VISA","","OLD FORGE CAMPING OLD FORGE NY #0000001","$15.00","","$2740.76"
"10/18/2016","ACH","","NORTHWESTERN MU ISA PAYMNT 161017","$16.96","","$2755.76"
"10/17/2016","VISA","","MONTEZUMA WINERY -OLD FORGE NY #0000001","$28.12","","$2772.72"
"10/17/2016","VISA","","OLD FORGE CAMPING OLD FORGE NY #0000001","$15.00","","$2800.84"
"10/17/2016","ACH","","PLANET FIT CLUB FEES  518-886-8828~ Tran","$10.00","","$2815.84"
"10/17/2016","ACH","","PLANET FIT CLUB FEES  518-886-8828~ Tran","$10.00","","$2825.84"
"10/14/2016","VISA","","BENSONS PET       CLIFTON PARK NY #0000","$44.55","","$2835.84"
"10/14/2016","VISA","","STEWARTS SHOP 205 BALLSTON SPA NY #0000","$22.00","","$2880.39"
"10/14/2016","VISA","","DUNKIN #300452    SARATOGA SPGS NY #000","$2.56","","$2902.39"
"10/12/2016","VISA","","SQ *STAGECOACH COFAlbany NY #0000001900","$4.70","","$2904.95"
"10/11/2016","ATM","","Cardtronics CCS .430 RT GLENMONT","$82.25","","$2909.65"
"10/11/2016","VISA","","SUNNYSIDE GARDENS SARATOGA SPRI NY #000","$85.28","","$2991.90"
"10/11/2016","TRANSFER","","Funds Transfer from Brokerage -3255","","$800.00","$3077.18"
"10/10/2016","ATM","","P208144 457 BROADWAY SARATOGA SPRI","$100.99","","$2277.18"
"10/10/2016","VISA","","BALLSTON SPA COUNTBALLSTON SPA NY #0000","$44.00","","$2378.17"
"10/09/2016","ATM","","P282730 3300 CARMAN ROA SCHENECTADY","$102.50","","$2422.17"
"10/09/2016","ATM","","P282730 3300 CARMAN ROA SCHENECTADY","$102.50","","$2524.67"
"10/09/2016","ATM","","P282730 3300 CARMAN ROA SCHENECTADY","$102.50","","$2627.17"
"10/09/2016","ATM","","P282730 3300 CARMAN ROA SCHENECTADY","$102.50","","$2729.67"
"10/08/2016","VISA","","BOMBERS BURRITOS BALBANY NY #0000001900","$10.52","","$2832.17"
"10/08/2016","VISA","","SQ *STAGECOACH COFAlbany NY #0000001900","$4.70","","$2842.69"
"10/07/2016","VISA","","MENANDS GAS MENANDS","$25.52","","$2847.39"
"10/07/2016","VISA","","SQ *STAGECOACH COFAlbany NY #0000001900","$4.70","","$2872.91"
"10/07/2016","ATM","","STATE EMPLOYEES 110 STA ALBANY","$402.50","","$2877.61"
"10/06/2016","VISA","","SQ *STAGECOACH COFAlbany NY #0000001900","$4.70","","$3280.11"
"10/05/2016","VISA","","PRICE CHOPPER #158SARATOGA SPRI NY #000","$2.29","","$3284.81"
"10/05/2016","ACH","","NEW YORK STATE DIR DEP 160921~ Tran: ACH","","$1616.89","$3287.10"
"10/04/2016","DEPOSIT","","Deposit Mobile Banking","","$9.67","$1670.21"
"10/04/2016","ACH","","JPMorgan Chase Ext Trnsfr 161004~ Tran: ","$293.80","","$1660.54"
"10/03/2016","ACH","","PLANET FIT CLUB FEES  518-886-8828~ Tran","$29.00","","$1954.34"
"10/03/2016","ACH","","PLANET FIT CLUB FEES  518-886-8828~ Tran","$29.00","","$1983.34"
"10/01/2016","VISA","","SQ *STAGECOACH COFAlbany NY #0000001900","$4.70","","$2012.34"
"09/30/2016","INTADJUST","","Interest Paid","","$0.11","$2017.04"
"09/30/2016","ATMREBATE","","ATM Fee Rebate","","$5.74","$2016.93"
"09/30/2016","VISA","","SQ *STAGECOACH COFAlbany NY #0000001900","$4.70","","$2011.19"
"09/28/2016","VISA","","BOBS CLAM HUT     KITTERY ME #000000190","$56.73","","$2015.89"
"09/28/2016","VISA","","GULF OIL 91805340 WOODSTOCK VT #0000001","$4.22","","$2072.62"
"09/27/2016","VISA","","MCDONALD'S F1859  WEST LEBANON NH #0000","$3.90","","$2076.84"
"09/26/2016","TRANSFER","","Funds Transfer to Brokerage -3255","$995.00","","$2080.74"
"09/22/2016","VISA","","BALLSTON SPA XTRA MART BALLSTON SPA","$23.01","","$3075.74"
"09/21/2016","VISA","","BOMBERS BURRITOS BALBANY NY #0000001900","$10.52","","$3098.75"
"09/21/2016","VISA","","GOOGLE *HBO Dig Svg.co/payhelp# CA #000","$14.99","","$3109.27"
"09/21/2016","VISA","","SQ *STAGECOACH COFAlbany NY #0000001900","$4.70","","$3124.26"
"09/21/2016","ATM","","STATE EMPLOYEES 110 STA ALBANY","$122.50","","$3128.96"
"09/21/2016","ACH","","NEW YORK STATE DIR DEP 160907~ Tran: ACH","","$1616.88","$3251.46"
"09/20/2016","ACH","","NGRID36 NGRID36WEB 092016~ Tran: ACHDW","$129.25","","$1634.58"
"09/19/2016","VISA","","SUNOCO 0799852900 BALLSTON SPA NY #0000","$3.83","","$1763.83"
"09/19/2016","VISA","","SUNOCO 0799852900 BALLSTON SPA NY #0000","$25.00","","$1767.66"
"09/19/2016","VISA","","ORCHARD CREEK GOLFALTAMONT NY #00000019","$58.00","","$1792.66"
"09/19/2016","ACH","","PLANET FIT CLUB FEES  518-886-8828~ Tran","$10.00","","$1850.66"
"09/19/2016","ACH","","PLANET FIT CLUB FEES  518-886-8828~ Tran","$10.00","","$1860.66"
"09/17/2016","VISA","","SQ *STAGECOACH COFAlbany NY #0000001900","$4.70","","$1870.66"
"09/16/2016","VISA","","SQ *STAGECOACH COFAlbany NY #0000001900","$4.70","","$1875.36"
"09/16/2016","VISA","","SUBWAY        0015ALBANY NY #0000001900","$3.78","","$1880.06"
"09/16/2016","ACH","","NORTHWESTERN MU ISA PAYMNT 160915","$16.96","","$1883.84"
"09/13/2016","VISA","","STEWARTS SHOP 101 SARATOGA SPRI NY #000","$26.00","","$1900.80"
"09/13/2016","VISA","","PRICE CHOPPER #39 SARATOGA SPRI NY #000","$38.02","","$1926.80"
"09/13/2016","VISA","","GULF OIL 91804228 GLENMONT NY #00000019","$11.09","","$1964.82"
"09/12/2016","VISA","","VENMO             855-812-4430 NY #0000","$50.00","","$1975.91"
"09/12/2016","VISA","","WM SUPERCENTER # Wal-Ma WILTON","$22.63","","$2025.91"
"09/12/2016","ACH","","CHASE EPAY 160909","$884.00","","$2048.54"
"09/11/2016","ATM","","Cardtronics CCS .430 RT GLENMONT","$202.25","","$2932.54"
"09/11/2016","VISA","","PRICE CHOPPER #158SARATOGA SPRI NY #000","$17.11","","$3134.79"
"09/11/2016","VISA","","STARBUCKS STORE 07ALBANY NY #0000001900","$5.35","","$3151.90"
"09/10/2016","VISA","","MCDONALDS  F20682 ALBANY NY #0000001900","$5.93","","$3157.25"
"09/10/2016","ATM","","P208144 457 BROADWAY SARATOGA SPRI","$100.99","","$3163.18"
"09/09/2016","VISA","","AMA               ALBANY NY #0000001900","$9.56","","$3264.17"
"09/09/2016","VISA","","SQ *STAGECOACH COFAlbany NY #0000001900","$4.70","","$3273.73"
"09/09/2016","TRANSFER","","Transfer from High Yield Checking -6758","","$884.00","$3278.43"
"09/09/2016","TRANSFER","","Transfer to High Yield Checking -6758","$884.00","","$2394.43"
"09/07/2016","ACH","","NEW YORK STATE DIR DEP 160824~ Tran: ACH","","$1616.88","$3278.43"
"09/06/2016","VISA","","BENSONS PET CENTERSARATOGA SPGS NY #000","$18.17","","$1661.55"
"09/06/2016","ACH","","JPMorgan Chase Ext Trnsfr 160906~ Tran: ","$293.80","","$1679.72"
"09/06/2016","VISA","","CUMBERLAND FARMS 3205 4 GLENMONT","$23.00","","$1973.52"
"09/05/2016","VISA","","EDDY'S BEVERAGE ISARATOGA SPRI NY #000","$18.18","","$1996.52"
"08/31/2016","INTADJUST","","Interest Paid","","$0.10","$2014.70"
"08/31/2016","ATMREBATE","","ATM Fee Rebate","","$18.75","$2014.60"
"08/28/2016","VISA","","UNIONSQUARSPORTSANNEW YORK NY #00000019","$23.39","","$1995.85"
"08/27/2016","ATM","","W249399 267 UNION AVE. SARATOGA SPRI","$403.50","","$2019.24"
"08/27/2016","VISA","","OLIVE GARDEN  0001CLIFTON PARK NY #0000","$68.00","","$2422.74"
"08/27/2016","VISA","","SQ *STAGECOACH COFAlbany NY #0000001900","$4.70","","$2490.74"
"08/26/2016","VISA","","SPEEDWAY 07858    CLIFTON PARK NY #0000","$22.22","","$2495.44"
"08/26/2016","VISA","","SQ *STAGECOACH COFAlbany NY #0000001900","$4.70","","$2517.66"
"08/25/2016","VISA","","MCDONALDS  F20682 ALBANY NY #0000001900","$5.93","","$2522.36"
"08/25/2016","VISA","","SQ *STAGECOACH COFAlbany NY #0000001900","$1.85","","$2528.29"
"08/25/2016","ATM","","PIONEER BANK 90 STATE S ALBANY","$43.00","","$2530.14"
"08/24/2016","TRANSFER","","Transfer to High Yield Checking -6758","$995.00","","$2573.14"
"08/24/2016","VISA","","MCDONALDS  F20682 ALBANY NY #0000001900","$4.53","","$3568.14"
"08/24/2016","VISA","","LITTLE HECKS LLC  SARATOGA SPRI NY #000","$28.78","","$3572.67"
"08/24/2016","VISA","","SQ *STAGECOACH COFAlbany NY #0000001900","$4.70","","$3601.45"
"08/24/2016","ACH","","NEW YORK STATE DIR DEP 160810~ Tran: ACH","","$2371.46","$3606.15"
"08/23/2016","VISA","","BENSONS PET CENTERSARATOGA SPGS NY #000","$29.18","","$1234.69"
"08/22/2016","VISA","","NORMANSIDE COUNTRYDELMAR NY #0000001900","$35.45","","$1263.87"
"08/22/2016","ACH","","NGRID36 NGRID36WEB 082216~ Tran: ACHDW","$134.87","","$1299.32"
"08/21/2016","VISA","","UNIONSQUARSPORTSANNEW YORK NY #00000019","$27.12","","$1434.19"
"08/21/2016","VISA","","GOOGLE *HBO Dig Svg.co/payhelp# CA #000","$14.99","","$1461.31"
"08/21/2016","VISA","","STARBUCKS STORE 07ALBANY NY #0000001900","$5.35","","$1476.30"
"08/21/2016","VISA","","SUBWAY        0015ALBANY NY #0000001900","$4.86","","$1481.65"
"08/19/2016","VISA","","THIRSTY OWL WINE CSARATOGA SPRI NY #000","$39.34","","$1486.51"
"08/19/2016","VISA","","SQ *STAGECOACH COFAlbany NY #0000001900","$4.70","","$1525.85"
"08/17/2016","VISA","","SPEEDWAY 07858    CLIFTON PARK NY #0000","$23.00","","$1530.55"
"08/17/2016","ACH","","PLANET FIT CLUB FEES  518-886-8828~ Tran","$10.00","","$1553.55"
"08/17/2016","ACH","","PLANET FIT CLUB FEES  518-886-8828~ Tran","$10.00","","$1563.55"
"08/16/2016","ACH","","NORTHWESTERN MU ISA PAYMNT 160815","$16.96","","$1573.55"
"08/15/2016","VISA","","MEXICAN CONNECTIONSARATOGA SPRI NY #000","$63.30","","$1590.51"
"08/15/2016","ATM","","W249404 267 UNION AVE. SARATOGA SPRI","$103.50","","$1653.81"
"08/14/2016","VISA","","STEWARTS SHOP 101 SARATOGA SPRI NY #000","$19.00","","$1757.31"
"08/13/2016","VISA","","MCDONALDS  F20682 ALBANY NY #0000001900","$8.20","","$1776.31"
"08/12/2016","TRANSFER","","Transfer to High Yield Checking -6758","$100.00","","$1784.51"
"08/10/2016","ACH","","NEW YORK STATE DIR DEP 160727~ Tran: ACH","","$1590.42","$1884.51"
"08/08/2016","ATM","","STEWARTS #229 201 NORTH BALLSTON SPA","$202.50","","$294.09"
"08/08/2016","ACH","","CHASE EPAY 160805~ Tran: ACHDW","$927.70","","$496.59"
"08/07/2016","VISA","","SUBWAY        0015ALBANY NY #0000001900","$4.86","","$1424.29"
"08/06/2016","VISA","","SPEEDWAY 07892    LATHAM NY #0000001900","$23.00","","$1429.15"
"08/04/2016","CHECK","","Check Paid #1262","$995.00","","$1452.15"
"08/03/2016","VISA","","MCDONALDS  F20682 ALBANY NY #0000001900","$6.79","","$2447.15"
"08/03/2016","VISA","","SQ *STAGECOACH COFAlbany NY #0000001900","$4.70","","$2453.94"
"08/03/2016","ACH","","JPMorgan Chase Ext Trnsfr 160803~ Tran: ","$293.80","","$2458.64"
"08/01/2016","VISA","","AMA               ALBANY NY #0000001900","$41.44","","$2752.44"
"07/31/2016","VISA","","LAKE CHAMPLAIN TRABURLINGTON VT #000000","$16.00","","$2793.88"
"07/31/2016","ATM","","P194530 25 CHERRY STREE BURLINGTON","$63.50","","$2809.88"
"07/30/2016","VISA","","SQ *STAGECOACH COFAlbany NY #0000001900","$4.70","","$2873.38"
"07/30/2016","ATM","","P151355 ROUTE 9 SOUTH PLATTSBURGH","$42.75","","$2878.08"
"07/29/2016","INTADJUST","","Interest Paid","","$0.10","$2920.83"
"07/29/2016","ATMREBATE","","ATM Fee Rebate","","$8.50","$2920.73"
"07/29/2016","VISA","","NEW YORK STATE MUSALBANY NY #0000001900","$11.00","","$2912.23"
"07/29/2016","VISA","","MCDONALDS  F20682 ALBANY NY #0000001900","$6.79","","$2923.23"
"07/28/2016","VISA","","SPEEDWAY 07701    HALFMOON NY #00000019","$24.00","","$2930.02"
"07/28/2016","VISA","","SUBWAY        0015ALBANY NY #0000001900","$4.86","","$2954.02"
"07/27/2016","ACH","","NEW YORK STATE DIR DEP 160713~ Tran: ACH","","$1723.64","$2958.88"
"07/25/2016","ACH","","AMERICATAB AMERICATAB ","$100.00","","$1235.24"
"07/25/2016","ACH","","NYRA WEBPAYMENT 160722","$100.00","","$1335.24"
"07/24/2016","VISA","","PRICE CHOPPER #158SARATOGA SPRI NY #000","$107.96","","$1435.24"
"07/23/2016","ATM","","W249396 267 UNION AVE. SARATOGA SPRI","$63.50","","$1543.20"
"07/23/2016","VISA","","SPA CITY WINE AND SARATOGA SPRI NY #000","$53.13","","$1606.70"
"07/22/2016","VISA","","PRICE CHOPPER #158SARATOGA SPRI NY #000","$35.69","","$1659.83"
"07/21/2016","VISA","","MCDONALDS  F20682 ALBANY NY #0000001900","$6.79","","$1695.52"
"07/21/2016","VISA","","GOOGLE *HBO Dig Svg.co/payhelp# CA #000","$14.99","","$1702.31"
"07/20/2016","VISA","","GULF OIL 92047900 BALLSTON LAKE NY #000","$23.32","","$1717.30"
"07/20/2016","ACH","","NGRID36 NGRID36WEB 072016~ Tran: ACHDW","$94.79","","$1740.62"
"07/19/2016","VISA","","STEWARTS SHOP 130 SARATOGA SPRI NY #000","$6.96","","$1835.41"
"07/19/2016","ATM","","P218365 51 SOUTH PEARL ALBANY","$62.50","","$1842.37"
"07/19/2016","ACH","","CHASE EPAY 160718","$870.00","","$1904.87"
"07/18/2016","VISA","","ESPERANTO - SARATOSARATOGA SPRI NY #000","$7.50","","$2774.87"
"07/18/2016","VISA","","LITTLE HECKS LLC  SARATOGA SPRI NY #000","$22.42","","$2782.37"
"07/18/2016","VISA","","PRICE CHOPPER #158SARATOGA SPRI NY #000","$2.49","","$2804.79"
"07/18/2016","ACH","","NORTHWESTERN MU ISA PAYMNT 160715","$16.96","","$2807.28"
"07/18/2016","ACH","","PLANET FIT CLUB FEES  518-886-8828~ Tran","$10.00","","$2824.24"
"07/18/2016","ACH","","PLANET FIT CLUB FEES  518-886-8828~ Tran","$10.00","","$2834.24"
"07/16/2016","VISA","","DUNKIN #307866    ALBANY NY #0000001900","$2.15","","$2844.24"
"07/16/2016","VISA","","AMA               ALBANY NY #0000001900","$25.96","","$2846.39"
"07/16/2016","VISA","","SQ *MUG SHOTS CAFEALBANY NY #0000001900","$6.20","","$2872.35"
"07/16/2016","VISA","","SQ *STAGECOACH COFAlbany NY #0000001900","$4.70","","$2878.55"
"07/15/2016","VISA","","SQ *STAGECOACH COFAlbany NY #0000001900","$4.70","","$2883.25"
"07/14/2016","VISA","","MCDONALDS  F20682 ALBANY NY #0000001900","$6.79","","$2887.95"
"07/13/2016","VISA","","SPEEDWAY 07858    CLIFTON PARK NY #0000","$24.00","","$2894.74"
"07/13/2016","VISA","","SQ *STAGECOACH COFAlbany NY #0000001900","$4.70","","$2918.74"
"07/13/2016","ACH","","NEW YORK STATE DIR DEP 160629~ Tran: ACH","","$1590.44","$2923.44"
"07/10/2016","VISA","","ROMA FOOD IMPORTINSARATOGA SPRI NY #000","$25.15","","$1333.00"
"07/07/2016","VISA","","RITE AID STORE - 0ALBANY NY #0000001900","$3.29","","$1358.15"
"07/07/2016","VISA","","SQ *STAGECOACH COFAlbany NY #0000001900","$4.70","","$1361.44"
"07/06/2016","VISA","","RITE AID STORE - 0ALBANY NY #0000001900","$3.29","","$1366.14"
"07/06/2016","VISA","","OSCAR'S SMOKEHOUSEWARRENSBURG NY #00000","$8.13","","$1369.43"
"07/06/2016","CHECK","","Check Paid #1261","$995.00","","$1377.56"
"07/06/2016","ATM","","STATE EMPLOYEES 110 STA ALBANY","$62.50","","$2372.56"
"07/06/2016","ACH","","JPMorgan Chase Ext Trnsfr 160706~ Tran: ","$293.80","","$2435.06"
"07/05/2016","VISA","","PIZZA HUT 616     SARATOGA SPRI NY #000","$19.98","","$2728.86"
"07/04/2016","VISA","","E - Z MART        INLET NY #00000019004","$19.80","","$2748.84"
"07/01/2016","VISA","","AMAZON.COM AMZN.COAMZN.COM/BILL WA #000","$8.60","","$2768.64"
"07/01/2016","VISA","","SUBWAY        0015ALBANY NY #0000001900","$4.86","","$2777.24"
"07/01/2016","VISA","","CUMBERLAND FARMS 3104 3 WARRENSBURG","$21.00","","$2782.10"
"07/01/2016","VISA","","Wal-Mart Super Center 2 WILTON","$89.64","","$2803.10"
"06/30/2016","INTADJUST","","Interest Paid","","$0.08","$2892.74"
"06/30/2016","ATMREBATE","","ATM Fee Rebate","","$12.00","$2892.66"
"06/30/2016","VISA","","GULF OIL 92047900 BALLSTON LAKE NY #000","$23.00","","$2880.66"
"06/29/2016","VISA","","AMAZON MKTPLACE PMAMZN.COM/BILL WA #000","$121.99","","$2903.66"
"06/29/2016","VISA","","WENDY'S 4233      SARATOGA SPRI NY #000","$5.64","","$3025.65"
"06/29/2016","ACH","","NEW YORK STATE DIR DEP 160615~ Tran: ACH","","$1590.43","$3031.29"
"06/28/2016","VISA","","SUNNYSIDE GARDENS SARATOGA SPRI NY #000","$70.50","","$1440.86"
"06/26/2016","VISA","","PURDYS DISCOUNT WISARATOGA SPRI NY #000","$102.68","","$1511.36"
"06/25/2016","VISA","","MCDONALDS  F20682 ALBANY NY #0000001900","$6.79","","$1614.04"
"06/23/2016","VISA","","GULF OIL 92047900 BALLSTON LAKE NY #000","$23.00","","$1620.83"
"06/23/2016","VISA","","SQ *STAGECOACH COFAlbany NY #0000001900","$4.70","","$1643.83"
"06/23/2016","VISA","","SUBWAY        0015ALBANY NY #0000001900","$4.86","","$1648.53"
"06/21/2016","ATM","","STEWART'S #130 210 S. B SARATOGA","$102.50","","$1653.39"
"06/21/2016","ACH","","NGRID36 NGRID36WEB 062116~ Tran: ACHDW","$95.47","","$1755.89"
"06/20/2016","VISA","","MOBY RICK'S SEAFOOSARATOGA SPRI NY #000","$25.79","","$1851.36"
"06/20/2016","VISA","","SARATOGA SPA GOLF SARATOGA SPRI NY #000","$38.49","","$1877.15"
"06/19/2016","VISA","","AMAZON.COM AMZN.COAMZN.COM/BILL WA #000","$4.27","","$1915.64"
"06/19/2016","VISA","","AMAZON MKTPLACE PMAMZN.COM/BILL WA #000","$18.75","","$1919.91"
"06/19/2016","VISA","","PRICE CHOPPER #158SARATOGA SPRI NY #000","$36.83","","$1938.66"
"06/18/2016","VISA","","MCDONALDS  F20682 ALBANY NY #0000001900","$6.79","","$1975.49"
"06/18/2016","VISA","","SPEEDWAY 07858    CLIFTON PARK NY #0000","$24.00","","$1982.28"
"06/17/2016","VISA","","SQ *STAGECOACH COFAlbany NY #0000001900","$4.70","","$2006.28"
"06/17/2016","ACH","","PLANET FIT CLUB FEES  518-886-8828~ Tran","$10.00","","$2010.98"
"06/17/2016","ACH","","PLANET FIT CLUB FEES  518-886-8828~ Tran","$10.00","","$2020.98"
"06/16/2016","VISA","","MCDONALDS  F20682 ALBANY NY #0000001900","$6.79","","$2030.98"
"06/16/2016","VISA","","SQ *STAGECOACH COFAlbany NY #0000001900","$4.70","","$2037.77"
"06/16/2016","VISA","","STARBUCKS STORE 07ALBANY NY #0000001900","$5.13","","$2042.47"
"06/16/2016","ATM","","STATE EMPLOYEES EMPIRE ALBANY","$62.50","","$2047.60"
"06/16/2016","ACH","","NORTHWESTERN MU ISA PAYMNT 160615","$16.96","","$2110.10"
"06/15/2016","ACH","","NEW YORK STATE DIR DEP 160601~ Tran: ACH","","$1590.42","$2127.06"
"06/14/2016","VISA","","BENSONS PET CENTERSARATOGA SPGS NY #000","$15.26","","$536.64"
"06/14/2016","VISA","","LOWES #00560*     SARATOGA SPRI NY #000","$24.95","","$551.90"
"06/10/2016","VISA","","SUBWAY        0015ALBANY NY #0000001900","$5.35","","$576.85"
"06/09/2016","ATM","","CHMNG CNL TRST 132 STAT ALBANY","$103.00","","$582.20"
"06/08/2016","VISA","","MCDONALDS  F20682 ALBANY NY #0000001900","$6.79","","$685.20"
"06/07/2016","VISA","","DUNKIN #307866    ALBANY NY #0000001900","$2.58","","$691.99"
"06/06/2016","CHECK","","Check Paid #1260","$995.00","","$694.57"
"06/05/2016","VISA","","THE GRAPEVINE FINESARATOGA SPRI NY #000","$24.60","","$1689.57"
"06/05/2016","VISA","","STEWARTS SHOP 107 NORTHVILLE NY #000000","$3.01","","$1714.17"
"06/05/2016","VISA","","SARATOGA PRIMAL YOSARATOGA SPRI NY #000","$49.73","","$1717.18"
"06/04/2016","VISA","","HOFFMAN CAR WASH SSARATOGA SPGS NY #000","$10.00","","$1766.91"
"06/04/2016","VISA","","WM SUPERCENTER #20SARATOGA SPRI NY #000","$75.34","","$1776.91"
"06/04/2016","VISA","","SPEEDWAY 07701    HALFMOON NY #00000019","$25.01","","$1852.25"
"06/04/2016","ATM","","WILTON 3016 ROUTE 50 SARATG SPRNGS","$44.00","","$1877.26"
"06/03/2016","VISA","","SQ *STAGECOACH COFAlbany NY #0000001900","$4.70","","$1921.26"
"06/03/2016","ACH","","CHASE EPAY 160602~ Tran: ACHDW","$1733.00","","$1925.96"
"06/03/2016","ACH","","JPMorgan Chase Ext Trnsfr 160603~ Tran: ","$293.80","","$3658.96"
"06/02/2016","VISA","","MCDONALDS  F20682 ALBANY NY #0000001900","$8.20","","$3952.76"
"06/02/2016","VISA","","STEWARTS SHOP 130 SARATOGA SPRI NY #000","$10.96","","$3960.96"
"06/02/2016","VISA","","SQ *STAGECOACH COFAlbany NY #0000001900","$4.70","","$3971.92"
"06/01/2016","VISA","","PHANTOM OF EASTON EASTON PA #0000001900","$33.89","","$3976.62"
"06/01/2016","VISA","","SLOATSBURG STA1250SLOATSBURG NY #000000","$5.15","","$4010.51"
"06/01/2016","VISA","","SLOATSBURG STA1250SLOATSBURG NY #000000","","$10.30","$4015.66"
"06/01/2016","VISA","","SLOATSBURG STA1250SLOATSBURG NY #000000","$10.30","","$4005.36"
"06/01/2016","ACH","","NEW YORK STATE DIR DEP 160518~ Tran: ACH","","$1590.44","$4015.66"
"05/31/2016","INTADJUST","","Interest Paid","","$0.13","$2425.22"
"05/31/2016","ATMREBATE","","ATM Fee Rebate","","$8.49","$2425.09"
"05/31/2016","VISA","","SUNOCO 0058374000 YORK PA #000000190034","$24.00","","$2416.60"
"05/31/2016","VISA","","DD/BR #343729     YORK PA #000000190008","$15.32","","$2440.60"
"05/28/2016","VISA","","MCDONALD'S F12030 CORNWALL NY #00000019","$8.26","","$2455.92"
"05/28/2016","VISA","","GULF OIL 92047900 BALLSTON LAKE NY #000","$11.00","","$2464.18"
"05/27/2016","VISA","","HOFFMAN CAR WASH SSARATOGA SPGS NY #000","$10.00","","$2475.18"
"05/26/2016","VISA","","BENSONS PET       CLIFTON PARK NY #0000","$48.17","","$2485.18"
"05/25/2016","VISA","","SPEEDWAY 07701    HALFMOON NY #00000019","$26.02","","$2533.35"
"05/25/2016","VISA","","SQ *STAGECOACH COFAlbany NY #0000001900","$4.70","","$2559.37"
"05/25/2016","ATM","","STATE EMPLOYEES 110 STA ALBANY","$62.50","","$2564.07"
"05/24/2016","VISA","","SOCCER UNLIMITED CCLIFTON PARK NY #0000","$123.00","","$2626.57"
"05/24/2016","ACH","","NGRID36 NGRID36WEB 052416~ Tran: ACHDW","$111.07","","$2749.57"
"05/23/2016","VISA","","VAN PATTEN GOLF CLCLIFTON PARK NY #0000","$50.28","","$2860.64"
"05/21/2016","ATM","","STEWART'S #162 16 ROUND BALLSTON SPA","$102.50","","$2910.92"
"05/21/2016","VISA","","SQ *STAGECOACH COFAlbany NY #0000001900","$4.70","","$3013.42"
"05/21/2016","VISA","","SUBWAY        0015ALBANY NY #0000001900","$6.97","","$3018.12"
"05/19/2016","VISA","","SUNOCO 0681863701 ALBANY NY #0000001900","$24.42","","$3025.09"
"05/18/2016","VISA","","MOHRS SERVICE CENTSARATOGA SPRI NY #000","$33.29","","$3049.51"
"05/18/2016","ACH","","NEW YORK STATE DIR DEP 160504~ Tran: ACH","","$1590.43","$3082.80"
"05/17/2016","VISA","","DUNKIN #307866    ALBANY NY #0000001900","$11.57","","$1492.37"
"05/17/2016","ACH","","NORTHWESTERN MU ISA PAYMNT 160516","$16.96","","$1503.94"
"05/17/2016","ACH","","PLANET FIT CLUB FEES  518-886-8828~ Tran","$10.00","","$1520.90"
"05/17/2016","ACH","","PLANET FIT CLUB FEES  518-886-8828~ Tran","$10.00","","$1530.90"
"05/16/2016","VISA","","SONIC DRIVE IN #64LATHAM NY #0000001901","$8.83","","$1540.90"
"05/14/2016","VISA","","MCDONALDS  F20682 ALBANY NY #0000001900","$6.79","","$1549.73"
"05/14/2016","ATM","","P208144 457 BROADWAY SARATOGA SPRI","$40.99","","$1556.52"
"05/12/2016","VISA","","EXXONMOBIL    9735BALLSTON SPA NY #0000","$24.00","","$1597.51"
"05/10/2016","ACH","","NYRA WEBPAYMENT 160509","$100.00","","$1621.51"
"05/09/2016","VISA","","XFER g.co/walleth      1600 AmphitheCA","","$14.00","$1721.51"
"05/09/2016","VISA","","EXIT 9 WINE & LIQUCLIFTON PARK NY #0000","$52.88","","$1707.51"
"05/09/2016","ACH","","CHASE EPAY 160507","$798.00","","$1760.39"
"05/05/2016","VISA","","DUNKIN #300452    SARATOGA SPGS NY #000","$2.56","","$2558.39"
"05/05/2016","CHECK","","Check Paid #1259","$995.00","","$2560.95"
"05/04/2016","ACH","","NEW YORK STATE DIR DEP 160420~ Tran: ACH","","$1590.44","$3555.95"
"05/03/2016","ATM","","P218365 51 SOUTH PEARL ALBANY","$102.50","","$1965.51"
"05/03/2016","ACH","","JPMorgan Chase Ext Trnsfr 160503~ Tran: ","$293.80","","$2068.01"
"05/02/2016","ACH","","CHASE EPAY 160429~ Tran: ACHDW","$1700.00","","$2361.81"
"04/30/2016","VISA","","AMA               ALBANY NY #0000001900","$22.36","","$4061.81"
"04/30/2016","VISA","","SPEEDWAY 07892    LATHAM NY #0000001900","$25.00","","$4084.17"
"04/30/2016","VISA","","SQ *STAGECOACH COFAlbany NY #0000001900","$4.70","","$4109.17"
"04/29/2016","INTADJUST","","Interest Paid","","$0.11","$4113.87"
"04/29/2016","ATMREBATE","","ATM Fee Rebate","","$8.24","$4113.76"
"04/29/2016","TRANSFER","","Funds Transfer from Brokerage -0219","","$1700.00","$4105.52"
"04/28/2016","VISA","","MCDONALDS  F20682 ALBANY NY #0000001900","$6.79","","$2405.52"
"04/28/2016","VISA","","SQ *STAGECOACH COFAlbany NY #0000001900","$4.70","","$2412.31"
"04/28/2016","VISA","","DUNKIN #300452    SARATOGA SPGS NY #000","$2.56","","$2417.01"
"04/27/2016","VISA","","LAM KITCHEN       ALBANY NY #0000001900","$7.62","","$2419.57"
"04/26/2016","VISA","","SUNOCO 0042337601 SLOATSBURG NY #000000","$25.00","","$2427.19"
"04/25/2016","VISA","","SPRING STREET DELISARATOGA SPRI NY #000","$27.98","","$2452.19"
"04/25/2016","VISA","","CABELA'S RETAIL 00HAMBURG PA #000000190","$110.02","","$2480.17"
"04/24/2016","VISA","","GETTYSBURG FOUNDATGETTYSBURG PA #000000","$12.50","","$2590.19"
"04/23/2016","VISA","","WAWA 120      0000ALLENTOWN PA #0000001","$23.00","","$2602.69"
"04/23/2016","VISA","","ORANGE MOTOR CAR CALBANY NY #0000001900","$150.82","","$2625.69"
"04/23/2016","VISA","","SUNOCO 0275942100 BALSTON LAKE NY #0000","$13.00","","$2776.51"
"04/22/2016","ATM","","Cardtronics CCS .430 RT GLENMONT","$202.25","","$2789.51"
"04/22/2016","VISA","","SQ *STAGECOACH COFAlbany NY #0000001900","$4.70","","$2991.76"
"04/21/2016","VISA","","EXIT 9 WINE & LIQUCLIFTON PARK NY #0000","$20.63","","$2996.46"
"04/21/2016","VISA","","STEUBEN STREET MARALBANY NY #0000001900","$15.11","","$3017.09"
"04/20/2016","VISA","","SQ *STAGECOACH COFAlbany NY #0000001900","$4.70","","$3032.20"
"04/20/2016","ACH","","NGRID36 NGRID36WEB 042016~ Tran: ACHDW","$146.49","","$3036.90"
"04/20/2016","ACH","","NEW YORK STATE DIR DEP 160406~ Tran: ACH","","$1610.13","$3183.39"
"04/19/2016","ATM","","Steuben St Mark 58 N Pe Albany","$82.50","","$1573.26"
"04/18/2016","VISA","","NYSDEC SPORTING LI518-4029364 NY #00000","$25.00","","$1655.76"
"04/18/2016","ACH","","NORTHWESTERN MU ISA PAYMNT 160415","$16.96","","$1680.76"
"04/18/2016","ACH","","PLANET FIT CLUB FEES  518-886-8828","$10.00","","$1697.72"
"04/18/2016","ACH","","PLANET FIT CLUB FEES  518-886-8828","$10.00","","$1707.72"
"04/17/2016","VISA","","WASHINGTON SQUARE GREENWICH NY #0000001","$25.68","","$1717.72"
"04/17/2016","VISA","","SQ *ARGYLE BREWINGGREENWICH NY #0000001","$12.00","","$1743.40"
"04/17/2016","ATM","","P208144 457 BROADWAY SARATOGA SPRI","$40.99","","$1755.40"
"04/16/2016","VISA","","DUNKIN #307866    ALBANY NY #0000001900","$2.58","","$1796.39"
"04/16/2016","VISA","","EXXONMOBIL    9735BALLSTON SPA NY #0000","$21.12","","$1798.97"
"04/15/2016","VISA","","SUBWAY        0015ALBANY NY #0000001900","$4.59","","$1820.09"
"04/14/2016","VISA","","DUNKIN #307866    ALBANY NY #0000001900","$2.58","","$1824.68"
"04/14/2016","VISA","","STARBUCKS STORE 07ALBANY NY #0000001900","$5.13","","$1827.26"
"04/13/2016","VISA","","PRICE CHOPPER #39 SARATOGA SPRI NY #000","$83.00","","$1832.39"
"04/12/2016","DEPOSIT","","Deposit Mobile Banking","","$62.00","$1915.39"
"04/12/2016","VISA","","BENSONS PET CENTERSARATOGA SPGS NY #000","$44.87","","$1853.39"
"04/12/2016","VISA","","LOWES #00560*     SARATOGA SPRI NY #000","$34.45","","$1898.26"
"04/12/2016","VISA","","WENDY'S #2804     GLENMONT NY #00000019","$10.61","","$1932.71"
"04/11/2016","VISA","","SONIC DRIVE IN #64LATHAM NY #0000001900","$8.62","","$1943.32"
"04/09/2016","VISA","","SQ *STAGECOACH COFAlbany NY #0000001900","$4.70","","$1951.94"
"04/08/2016","VISA","","STEWARTS SHOP 262 RENSSELAER NY #000000","$22.00","","$1956.64"
"04/08/2016","VISA","","BURGER KING #2757 MENANDS NY #000000190","$8.52","","$1978.64"
"04/08/2016","VISA","","THE NEW YORK RACINOZONE PARK NY #000000","$83.00","","$1987.16"
"04/07/2016","VISA","","IPSDOTPARCELPRODOT310-3288484 CA #00000","$45.38","","$2070.16"
"04/07/2016","VISA","","SQ *STAGECOACH COFAlbany NY #0000001900","$4.70","","$2115.54"
"04/07/2016","VISA","","SUBWAY        0015ALBANY NY #0000001900","$4.59","","$2120.24"
"04/07/2016","ATM","","P218365 51 SOUTH PEARL ALBANY","$102.50","","$2124.83"
"04/06/2016","VISA","","SQ *STAGECOACH COFAlbany NY #0000001900","$4.70","","$2227.33"
"04/06/2016","CHECK","","Check Paid #1258","$995.00","","$2232.03"
"04/06/2016","ACH","","NEW YORK STATE DIR DEP 160323~ Tran: ACH","","$1563.40","$3227.03"
"04/05/2016","ACH","","JPMorgan Chase Ext Trnsfr 160405~ Tran: ","$293.80","","$1663.63"
"04/04/2016","ACH","","CHASE EPAY 160402","$882.00","","$1957.43"
"04/01/2016","VISA","","MCDONALDS  F20682 ALBANY NY #0000001900","$6.79","","$2839.43"
"04/01/2016","VISA","","SUNOCO 0363302102 ALBANY NY #0000001900","$22.00","","$2846.22"
"04/01/2016","VISA","","SQ *STAGECOACH COFAlbany NY #0000001900","$4.70","","$2868.22"
"03/31/2016","INTADJUST","","Interest Paid","","$0.12","$2872.92"
"03/31/2016","ATMREBATE","","ATM Fee Rebate","","$6.49","$2872.80"
"03/31/2016","VISA","","SQ *STAGECOACH COFAlbany NY #0000001900","$4.70","","$2866.31"
"03/30/2016","VISA","","SQ *STAGECOACH COFAlbany NY #0000001900","$4.70","","$2871.01"
"03/29/2016","VISA","","KLETTER & LEVINE SARATOGA SPRI NY #000","$490.00","","$2875.71"
"03/29/2016","VISA","","SPRING STREET DELISARATOGA SPRI NY #000","$17.07","","$3365.71"
"03/29/2016","VISA","","STEWARTS SHOP 130 SARATOGA SPRI NY #000","$3.09","","$3382.78"
"03/28/2016","VISA","","AMA               ALBANY NY #0000001900","$26.00","","$3385.87"
"03/28/2016","DEPOSIT","","Deposit Mobile Banking","","$6.67","$3411.87"
"03/28/2016","DEPOSIT","","Deposit Mobile Banking","","$113.00","$3405.20"
"03/28/2016","VISA","","BENSONS PET       CLIFTON PARK NY #0000","$4.74","","$3292.20"
"03/28/2016","VISA","","EDDY'S BEVERAGE ISARATOGA SPRI NY #000","$37.66","","$3296.94"
"03/28/2016","DEPOSIT","","Deposit Mobile Banking","","$36.00","$3334.60"
"03/28/2016","ACH","","CHASE EPAY MOBIL 160325","$406.00","","$3298.60"
"03/26/2016","VISA","","STEWARTS SHOP 397 ALBANY NY #0000001900","$24.00","","$3704.60"
"03/26/2016","VISA","","SQ *STAGECOACH COFAlbany NY #0000001900","$4.35","","$3728.60"
"03/26/2016","VISA","","SUBWAY        0015ALBANY NY #0000001900","$6.53","","$3732.95"
"03/24/2016","VISA","","MCDONALDS  F20682 ALBANY NY #0000001900","$6.79","","$3739.48"
"03/24/2016","VISA","","SQ *STAGECOACH COFAlbany NY #0000001900","$4.70","","$3746.27"
"03/23/2016","VISA","","SQ *STAGECOACH COFAlbany NY #0000001900","$4.70","","$3750.97"
"03/23/2016","ACH","","NEW YORK STATE DIR DEP 160309~ Tran: ACH","","$1563.40","$3755.67"
"03/21/2016","VISA","","PRICE CHOPPER #158SARATOGA SPRI NY #000","$7.57","","$2192.27"
"03/21/2016","ACH","","NGRID36 NGRID36WEB 032116~ Tran: ACHDW","$151.11","","$2199.84"
"03/20/2016","VISA","","HANNAFORD #8391   SARATOGA SPGS NY #000","$9.83","","$2350.95"
"03/20/2016","VISA","","CUMBERLAND FARMS 3205 4 GLENMONT","$22.00","","$2360.78"
"03/19/2016","VISA","","SQ *STAGECOACH COFAlbany NY #0000001900","$4.70","","$2382.78"
"03/18/2016","VISA","","SQ *STAGECOACH COFAlbany NY #0000001900","$4.70","","$2387.48"
"03/17/2016","VISA","","DUNKIN #307866    ALBANY NY #0000001900","$2.58","","$2392.18"
"03/17/2016","VISA","","EXIT 9 WINE & LIQUCLIFTON PARK NY #0000","$50.17","","$2394.76"
"03/17/2016","VISA","","PRICE CHOPPER #158SARATOGA SPRI NY #000","$9.26","","$2444.93"
"03/17/2016","ACH","","PLANET FIT CLUB FEES  518-886-8828~ Tran","$10.00","","$2454.19"
"03/17/2016","ACH","","PLANET FIT CLUB FEES  518-886-8828~ Tran","$10.00","","$2464.19"
"03/16/2016","VISA","","DUNKIN #307866    ALBANY NY #0000001900","$2.58","","$2474.19"
"03/16/2016","VISA","","SQ *STAGECOACH COFAlbany NY #0000001900","$4.70","","$2476.77"
"03/16/2016","ACH","","NORTHWESTERN MU ISA PAYMNT 160315","$16.96","","$2481.47"
"03/15/2016","VISA","","FORNO TOSCANO BISTSARATOGA SPRI NY #000","$38.50","","$2498.43"
"03/15/2016","VISA","","STEWARTS SHOP 130 SARATOGA SPRI NY #000","$6.58","","$2536.93"
"03/15/2016","ATM","","NATIONAL UNION 39 N. PE ALBANY","$43.00","","$2543.51"
"03/14/2016","VISA","","GREAT TANGS       SARATOGA SPRI NY #000","$26.22","","$2586.51"
"03/13/2016","ATM","","P208144 457 BROADWAY SARATOGA SPRI","$40.99","","$2612.73"
"03/13/2016","VISA","","STEWARTS SHOP 197 MANCHESTER CE VT #000","$16.61","","$2653.72"
"03/13/2016","VISA","","MEXICAN CONNECTIONSARATOGA SPRI NY #000","$55.00","","$2670.33"
"03/12/2016","VISA","","STEWARTS SHOP 205 BALLSTON SPA NY #0000","$22.00","","$2725.33"
"03/11/2016","VISA","","PRICE CHOPPER #39 SARATOGA SPRI NY #000","$9.23","","$2747.33"
"03/10/2016","VISA","","SARATOGA PRIMAL YOSARATOGA SPRI NY #000","$36.63","","$2756.56"
"03/10/2016","VISA","","SUBWAY        0015ALBANY NY #0000001900","$6.53","","$2793.19"
"03/10/2016","ACH","","NY STATE NYSTTAXRFD ","","$439.00","$2799.72"
"03/09/2016","TRANSFER","","Funds Transfer to Brokerage -0219","$657.00","","$2360.72"
"03/09/2016","VISA","","SQ *STAGECOACH COFAlbany NY #0000001900","$4.70","","$3017.72"
"03/09/2016","ACH","","NEW YORK STATE DIR DEP 160224~ Tran: ACH","","$1563.41","$3022.42"
"03/08/2016","VISA","","DUNKIN #340518    SARATOGA SPGS NY #000","$7.14","","$1459.01"
"03/07/2016","VISA","","SPRING STREET DELI518-584-0994 NY #0000","$26.97","","$1466.15"
"03/07/2016","VISA","","WENDY'S #0314     SARATOGA SPGS NY #000","$5.32","","$1493.12"
"03/07/2016","CHECK","","Check Paid #1257","$995.00","","$1498.44"
"03/07/2016","ACH","","IRS  TREAS 310 TAX REF 030716~ Tran: ACH","","$1459.00","$2493.44"
"03/05/2016","VISA","","MCDONALDS  F20682 ALBANY NY #0000001900","$6.58","","$1034.44"
"03/05/2016","VISA","","AJI STEAKSTONE & SALBANY NY #0000001900","$12.80","","$1041.02"
"03/05/2016","VISA","","EXXONMOBIL    9736MENANDS NY #000000190","$22.00","","$1053.82"
"03/04/2016","VISA","","SQ *STAGECOACH COFAlbany NY #0000001900","$4.70","","$1075.82"
"03/04/2016","ATM","","STATE EMPLOYEES 110 STA ALBANY","$202.50","","$1080.52"
"03/04/2016","TRANSFER","","Funds Transfer from Brokerage -0219","","$200.00","$1283.02"
"03/03/2016","VISA","","SQ *STAGECOACH COFAlbany NY #0000001900","$4.70","","$1083.02"
"03/03/2016","ACH","","JPMorgan Chase Ext Trnsfr 160303~ Tran: ","$293.80","","$1087.72"
"03/02/2016","VISA","","RITE AID STORE - 0ALBANY NY #0000001900","$11.28","","$1381.52"
"03/02/2016","VISA","","SQ *STAGECOACH COFAlbany NY #0000001900","$4.70","","$1392.80"
"02/29/2016","INTADJUST","","Interest Paid","","$0.06","$1397.50"
"02/29/2016","ATMREBATE","","ATM Fee Rebate","","$3.24","$1397.44"
"02/29/2016","VISA","","INTUIT *TURBOTAX  800-446-8848 CA #0000","$98.42","","$1394.20"
"02/28/2016","VISA","","GULF OIL 91804228 GLENMONT NY #00000019","$1.98","","$1492.62"
"02/28/2016","VISA","","EXXONMOBIL    9735ALBANY NY #0000001900","$21.00","","$1494.60"
"02/27/2016","ATM","","Cardtronics CCS .430 RT GLENMONT","$102.25","","$1515.60"
"02/25/2016","VISA","","SQ *STAGECOACH COFAlbany NY #0000001900","$4.70","","$1617.85"
"02/24/2016","VISA","","LOCAL PUB & TEA HOSARATOGA SPRI NY #000","$42.00","","$1622.55"
"02/24/2016","VISA","","SQ *STAGECOACH COFAlbany NY #0000001900","$4.70","","$1664.55"
"02/24/2016","ACH","","NEW YORK STATE DIR DEP 160210~ Tran: ACH","","$1563.40","$1669.25"
"02/22/2016","ACH","","NGRID36 NGRID36WEB 022216","$178.36","","$105.85"
"02/21/2016","VISA","","SUBWAY        0015ALBANY NY #0000001900","$4.05","","$284.21"
"02/20/2016","VISA","","SQ *STAGECOACH COFAlbany NY #0000001900","$4.70","","$288.26"
"02/17/2016","VISA","","PRICE CHOPPER #184BALSTON SPA NY #00000","$4.06","","$292.96"
"02/17/2016","VISA","","SQ *STAGECOACH COFAlbany NY #0000001900","$4.70","","$297.02"
"02/17/2016","ACH","","NORTHWESTERN MU ISA PAYMNT 160216","$16.96","","$301.72"
"02/17/2016","ACH","","PLANET FIT CLUB FEES  518-886-8828~ Tran","$10.00","","$318.68"
"02/17/2016","ACH","","PLANET FIT CLUB FEES  518-886-8828~ Tran","$10.00","","$328.68"
"02/16/2016","VISA","","THIRSTY OWL WINE CSARATOGA SPRI NY #000","$23.43","","$338.68"
"02/16/2016","TRANSFER","","Funds Transfer to Brokerage -0219","$457.00","","$362.11"
"02/16/2016","ACH","","CHASE EPAY 160213","$918.00","","$819.11"
"02/15/2016","VISA","","BENSONS PET CENTERSARATOGA SPGS NY #000","$11.30","","$1737.11"
"02/15/2016","VISA","","SARATOGA PRIMAL YOSARATOGA SPRI NY #000","$22.09","","$1748.41"
"02/15/2016","VISA","","WENDY'S #0314     SARATOGA SPGS NY #000","$8.51","","$1770.50"
"02/13/2016","VISA","","GULF OIL 92047900 BALLSTON LAKE NY #000","$20.00","","$1779.01"
"02/13/2016","VISA","","SQ *STAGECOACH COFAlbany NY #0000001900","$4.70","","$1799.01"
"02/12/2016","VISA","","SQ *STAGECOACH COFAlbany NY #0000001900","$4.70","","$1803.71"
"02/11/2016","VISA","","SQ *STAGECOACH COFAlbany NY #0000001900","$4.70","","$1808.41"
"02/10/2016","ACH","","NEW YORK STATE DIR DEP 160127~ Tran: ACH","","$1563.40","$1813.11"
"02/09/2016","VISA","","MOBY RICK'S SEAFOOSARATOGA SPRI NY #000","$30.48","","$249.71"
"02/08/2016","VISA","","HOFFMAN CAR WASH SSARATOGA SPGS NY #000","$22.00","","$280.19"
"02/08/2016","VISA","","SPEEDWAY 07858    CLIFTON PARK NY #0000","$20.00","","$302.19"
"02/08/2016","VISA","","THIRSTY OWL WINE CSARATOGA SPRI NY #000","$54.46","","$322.19"
"02/07/2016","VISA","","RITE AID STORE - 1SARATOGA SPRI NY #000","$30.34","","$376.65"
"02/05/2016","VISA","","SUNOCO 0275942100 BALSTON LAKE NY #0000","$14.14","","$406.99"
"02/05/2016","CHECK","","Check Paid #1256","$995.00","","$421.13"
"02/03/2016","ACH","","JPMorgan Chase Ext Trnsfr 160203~ Tran: ","$293.80","","$1416.13"
"02/02/2016","VISA","","PRICE CHOPPER #158SARATOGA SPRI NY #000","$111.96","","$1709.93"
"02/01/2016","ACH","","CHASE EPAY 160131","$186.45","","$1821.89"
"01/31/2016","VISA","","FAMILY VISION CARESARATOGA SPRI NY #000","$65.00","","$2008.34"
"01/31/2016","VISA","","WENDY'S #0314     SARATOGA SPGS NY #000","$5.32","","$2073.34"
"01/30/2016","ATM","","P208144 457 BROADWAY SARATOGA SPRI","$100.99","","$2078.66"
"01/30/2016","VISA","","SUBWAY        0015ALBANY NY #0000001900","$1.18","","$2179.65"
"01/29/2016","INTADJUST","","Interest Paid","","$0.05","$2180.83"
"01/29/2016","ATMREBATE","","ATM Fee Rebate","","$3.50","$2180.78"
"01/29/2016","VISA","","STEUBEN STREET MARALBANY NY #0000001900","$7.55","","$2177.28"
"01/29/2016","VISA","","SQ *STAGECOACH COFAlbany NY #0000001900","$4.70","","$2184.83"
